{
	"reason": "成功的返回",
	"result": {
		"stat": "1",
		"data": [
			{
				"uniquekey": "5ba3479e7a1c13fc7a009d2e619e804e",
				"title": "黄金形成周线反转后走高 但涨势可能不会长久",
				"date": "2019-12-04 16:51",
				"category": "财经",
				"author_name": "中金网",
				"url": "http:\/\/mini.eastday.com\/mobile\/191204165157527.html",
				"thumbnail_pic_s": "http:\/\/06imgmini.eastday.com\/mobile\/20191204\/20191204165157_81e0a45271c65fc7332de3181d47933c_1_mwpm_03200403.jpg",
				"thumbnail_pic_s02": "http:\/\/06imgmini.eastday.com\/mobile\/20191204\/20191204165157_81e0a45271c65fc7332de3181d47933c_2_mwpm_03200403.jpg",
				"thumbnail_pic_s03": "http:\/\/06imgmini.eastday.com\/mobile\/20191204\/20191204165157_81e0a45271c65fc7332de3181d47933c_3_mwpm_03200403.jpg"
			}, {
				"uniquekey": "f6f0d22688beb8e0b5eca8b352d82637",
				"title": "目前柑桔多少钱一斤？春节前后柑桔的行情走势如何？",
				"date": "2019-12-04 16:47",
				"category": "财经",
				"author_name": "惠农学堂TB",
				"url": "http:\/\/mini.eastday.com\/mobile\/191204164727445.html",
				"thumbnail_pic_s": "http:\/\/05imgmini.eastday.com\/mobile\/20191204\/20191204164727_0f7cd27c8c3f586e99c2bedbdb2f5574_1_mwpm_03200403.jpg",
				"thumbnail_pic_s02": "http:\/\/05imgmini.eastday.com\/mobile\/20191204\/20191204164727_0f7cd27c8c3f586e99c2bedbdb2f5574_2_mwpm_03200403.jpg",
				"thumbnail_pic_s03": "http:\/\/05imgmini.eastday.com\/mobile\/20191204\/20191204164727_0f7cd27c8c3f586e99c2bedbdb2f5574_3_mwpm_03200403.jpg"
			}, {
				"uniquekey": "93271df115a48b74a85bde3a46886249",
				"title": "需求旺季的这个节点 产能仍存1亿份“缺口”",
				"date": "2019-12-04 16:46",
				"category": "财经",
				"author_name": "十渡车神",
				"url": "http:\/\/mini.eastday.com\/mobile\/191204164611262.html",
				"thumbnail_pic_s": "http:\/\/08imgmini.eastday.com\/mobile\/20191204\/20191204164611_ba4ca54342d3158ae3c2b3c790f24f3c_1_mwpm_03200403.jpg"
			}, {
				"uniquekey": "619dcd664147fa870c90ba9bcfa9639b",
				"title": "提醒 | 快转给爸妈！这些千万都别信",
				"date": "2019-12-04 16:45",
				"category": "财经",
				"author_name": "理财夜话",
				"url": "http:\/\/mini.eastday.com\/mobile\/191204164535387.html",
				"thumbnail_pic_s": "http:\/\/06imgmini.eastday.com\/mobile\/20191204\/20191204164535_bead8a8ed6f10f1ccbc1a09a6de4feea_1_mwpm_03200403.jpg",
				"thumbnail_pic_s02": "http:\/\/06imgmini.eastday.com\/mobile\/20191204\/20191204164535_bead8a8ed6f10f1ccbc1a09a6de4feea_3_mwpm_03200403.jpg",
				"thumbnail_pic_s03": "http:\/\/06imgmini.eastday.com\/mobile\/20191204\/20191204164535_bead8a8ed6f10f1ccbc1a09a6de4feea_2_mwpm_03200403.jpg"
			}, {
				"uniquekey": "cba0d5843e2c1c1c70847534d4d622f7",
				"title": "峨眉普兴讲堂第四课在企业举办！",
				"date": "2019-12-04 16:40",
				"category": "财经",
				"author_name": "峨眉普兴",
				"url": "http:\/\/mini.eastday.com\/mobile\/191204164059567.html",
				"thumbnail_pic_s": "http:\/\/02imgmini.eastday.com\/mobile\/20191204\/20191204164059_69eafd9e3cec685e40885bb50675e8d2_3_mwpm_03200403.jpg",
				"thumbnail_pic_s02": "http:\/\/02imgmini.eastday.com\/mobile\/20191204\/20191204164059_69eafd9e3cec685e40885bb50675e8d2_1_mwpm_03200403.jpg",
				"thumbnail_pic_s03": "http:\/\/02imgmini.eastday.com\/mobile\/20191204\/20191204164059_69eafd9e3cec685e40885bb50675e8d2_2_mwpm_03200403.jpg"
			}, {
				"uniquekey": "bbec8db74ce779b4df79036755340c19",
				"title": "吉林推动白金经济大跃升 目标指向世界冰雪经济第三极",
				"date": "2019-12-04 16:39",
				"category": "财经",
				"author_name": "中国新闻网",
				"url": "http:\/\/mini.eastday.com\/mobile\/191204163912190.html",
				"thumbnail_pic_s": "http:\/\/08imgmini.eastday.com\/mobile\/20191204\/20191204163912_caed61e54b2961e3d4ef4d7b7640cec3_1_mwpm_03200403.jpg"
			}, {
				"uniquekey": "da99ff0d3a330201b1703b85ef6ca628",
				"title": "Hi · 午报 | 中国首套无人驾驶路面铺装设备首秀；Facebook 向反垄断机构发声",
				"date": "2019-12-04 16:37",
				"category": "财经",
				"author_name": "ZAKER网",
				"url": "http:\/\/mini.eastday.com\/mobile\/191204163713185.html",
				"thumbnail_pic_s": "http:\/\/06imgmini.eastday.com\/mobile\/20191204\/20191204163713_18caa5b479966cbdfd3507dcfd37f48b_2_mwpm_03200403.jpg"
			}, {
				"uniquekey": "2f0ec67c85700d586c505cd8dffba37f",
				"title": "威海农商银行刘建勋升任行长 任职资格已获准",
				"date": "2019-12-04 16:34",
				"category": "财经",
				"author_name": "和讯银行",
				"url": "http:\/\/mini.eastday.com\/mobile\/191204163451857.html",
				"thumbnail_pic_s": "http:\/\/08imgmini.eastday.com\/mobile\/20191204\/20191204163451_b93c614cbf653c8e3cdd683b28d32b70_1_mwpm_03200403.jpg",
				"thumbnail_pic_s02": "http:\/\/08imgmini.eastday.com\/mobile\/20191204\/20191204163451_b93c614cbf653c8e3cdd683b28d32b70_2_mwpm_03200403.jpg"
			}, {
				"uniquekey": "e0e1da2016b3d0f0d66cdb2bc58e79b4",
				"title": "市场真的就此见底了吗？",
				"date": "2019-12-04 16:33",
				"category": "财经",
				"author_name": "金田路樊哥",
				"url": "http:\/\/mini.eastday.com\/mobile\/191204163302918.html",
				"thumbnail_pic_s": "http:\/\/01imgmini.eastday.com\/mobile\/20191204\/20191204163302_05d2c967fa4d633db7d462feb70e42a2_1_mwpm_03200403.jpg"
			}, {
				"uniquekey": "601d325a725a72d679acfbc175c435d9",
				"title": "矿业发展形势预测及建议：并购决策要考虑黄金产业生命周期",
				"date": "2019-12-04 16:30",
				"category": "财经",
				"author_name": "中国黄金网王蓓",
				"url": "http:\/\/mini.eastday.com\/mobile\/191204163048120.html",
				"thumbnail_pic_s": "http:\/\/05imgmini.eastday.com\/mobile\/20191204\/20191204163048_8a3ed8e7baf6bff894c39f083bc7a39e_1_mwpm_03200403.jpg",
				"thumbnail_pic_s02": "http:\/\/05imgmini.eastday.com\/mobile\/20191204\/20191204163048_8a3ed8e7baf6bff894c39f083bc7a39e_2_mwpm_03200403.jpg"
			}, {
				"uniquekey": "3ea9a23c45585be8fcf67b968023a5f2",
				"title": "中铁一局安全质量监察部到铁建公司宝鸡植物园渭河大桥项目进行优质工程暨安全样板工地验收",
				"date": "2019-12-04 16:29",
				"category": "财经",
				"author_name": "中铁一局铁建公司",
				"url": "http:\/\/mini.eastday.com\/mobile\/191204162945333.html",
				"thumbnail_pic_s": "http:\/\/09imgmini.eastday.com\/mobile\/20191204\/20191204162945_cd649ab7c10c69b9d8414feec8b5f468_1_mwpm_03200403.jpg"
			}, {
				"uniquekey": "4f5c8affae3d60e5875b52531ce88bdc",
				"title": "邮储银行公布A股IPO发行结果 最高逾百亿资金将护航后市表现",
				"date": "2019-12-04 16:29",
				"category": "财经",
				"author_name": "河北青年报保定播报",
				"url": "http:\/\/mini.eastday.com\/mobile\/191204162941135.html",
				"thumbnail_pic_s": "http:\/\/03imgmini.eastday.com\/mobile\/20191204\/20191204162941_83ae0a2df18eabdf95007979fe2f18da_1_mwpm_03200403.jpg"
			}, {
				"uniquekey": "e1a94533788dbbcc72d5fdfbc255916d",
				"title": "企业骗取两家银行贷款8000万元 实控人提供虚假资料获刑3年",
				"date": "2019-12-04 16:29",
				"category": "财经",
				"author_name": "中国网",
				"url": "http:\/\/mini.eastday.com\/mobile\/191204162936416.html",
				"thumbnail_pic_s": "http:\/\/07imgmini.eastday.com\/mobile\/20191204\/20191204162936_f4af552cef2a89b74cf4aaea46002c95_1_mwpm_03200403.jpg"
			}, {
				"uniquekey": "9bc67491ea4d876cb928cc1e00b213d8",
				"title": "北京金融监管局：平安深圳前交所未经批准在京开展经营",
				"date": "2019-12-04 16:29",
				"category": "财经",
				"author_name": "中国网",
				"url": "http:\/\/mini.eastday.com\/mobile\/191204162935966.html",
				"thumbnail_pic_s": "http:\/\/08imgmini.eastday.com\/mobile\/20191204\/20191204162935_274e85296ba0552301a83d0b6087b0b3_1_mwpm_03200403.jpg"
			}, {
				"uniquekey": "591f5e2adb21a41008c1b4bf528e2382",
				"title": "福州马尾引入专业代办员免费为企业“跑腿”",
				"date": "2019-12-04 16:29",
				"category": "财经",
				"author_name": "中国新闻网",
				"url": "http:\/\/mini.eastday.com\/mobile\/191204162908045.html",
				"thumbnail_pic_s": "http:\/\/00imgmini.eastday.com\/mobile\/20191204\/20191204162908_5e9bc255aa3b4f43fd0a0efa2418b027_1_mwpm_03200403.jpg"
			}, {
				"uniquekey": "b8675df0a1f7811bcbf42d001a42d679",
				"title": "阿里斥资224亿买的大润发，两年时间过去了，如今变成了啥样？",
				"date": "2019-12-04 16:26",
				"category": "财经",
				"author_name": "体育疯爆",
				"url": "http:\/\/mini.eastday.com\/mobile\/191204162617790.html",
				"thumbnail_pic_s": "http:\/\/04imgmini.eastday.com\/mobile\/20191204\/20191204162617_955ed92b76f789aac14f9615539f46ec_1_mwpm_03200403.jpg",
				"thumbnail_pic_s02": "http:\/\/04imgmini.eastday.com\/mobile\/20191204\/20191204162617_955ed92b76f789aac14f9615539f46ec_3_mwpm_03200403.jpg",
				"thumbnail_pic_s03": "http:\/\/04imgmini.eastday.com\/mobile\/20191204\/20191204162617_955ed92b76f789aac14f9615539f46ec_2_mwpm_03200403.jpg"
			}, {
				"uniquekey": "d76b049683aff9b548ac125746f4c82f",
				"title": "通过 MPost 服务，肯尼亚人可以用电话号码收取信件和包裹",
				"date": "2019-12-04 16:26",
				"category": "财经",
				"author_name": "动点科技",
				"url": "http:\/\/mini.eastday.com\/mobile\/191204162614127.html",
				"thumbnail_pic_s": "http:\/\/03imgmini.eastday.com\/mobile\/20191204\/20191204162614_30dde5457b55eaa0475a07ad0f21968c_1_mwpm_03200403.jpg"
			}, {
				"uniquekey": "2f1365e12202340564dbda8aed6456e5",
				"title": "意在为全国打造样本？武汉新型带量采购方案出炉",
				"date": "2019-12-04 16:24",
				"category": "财经",
				"author_name": "剑鱼标讯",
				"url": "http:\/\/mini.eastday.com\/mobile\/191204162459901.html",
				"thumbnail_pic_s": "http:\/\/07imgmini.eastday.com\/mobile\/20191204\/20191204162459_8c93e300cd3885232d52061dce7a14bb_1_mwpm_03200403.jpg"
			}, {
				"uniquekey": "bd490eb8ac983bf58bb75f735b4465e2",
				"title": "微众银行梁焕：科创金融这块蛋糕怎么切？",
				"date": "2019-12-04 16:24",
				"category": "财经",
				"author_name": "亿欧",
				"url": "http:\/\/mini.eastday.com\/mobile\/191204162425162.html",
				"thumbnail_pic_s": "http:\/\/05imgmini.eastday.com\/mobile\/20191204\/20191204162425_af9848776dd8f7b519c63c0b6a520a69_1_mwpm_03200403.jpg"
			}, {
				"uniquekey": "17f71aa06d71e8bf4ffb36f851443d8c",
				"title": "紫金矿业拟70亿现金收购大陆黄金 标的三年累亏5亿预计明年初达产",
				"date": "2019-12-04 16:24",
				"category": "财经",
				"author_name": "长江商报",
				"url": "http:\/\/mini.eastday.com\/mobile\/191204162406111.html",
				"thumbnail_pic_s": "http:\/\/02imgmini.eastday.com\/mobile\/20191204\/20191204162406_ff9a50b6a6283dc0efe5c07893b231c1_1_mwpm_03200403.jpg"
			}, {
				"uniquekey": "9ebe78e9c6417e306f8f2ac08673ac6d",
				"title": "会玩也是城市消费实力，北、上、川渝成密室“铁三角” ​",
				"date": "2019-12-04 16:18",
				"category": "财经",
				"author_name": "上游新闻·重庆商报",
				"url": "http:\/\/mini.eastday.com\/mobile\/191204161819104.html",
				"thumbnail_pic_s": "http:\/\/06imgmini.eastday.com\/mobile\/20191204\/20191204161819_ed9596f60907acfb6197a0db21cbbf4e_1_mwpm_03200403.jpg",
				"thumbnail_pic_s02": "http:\/\/06imgmini.eastday.com\/mobile\/20191204\/20191204161819_ed9596f60907acfb6197a0db21cbbf4e_2_mwpm_03200403.jpg",
				"thumbnail_pic_s03": "http:\/\/06imgmini.eastday.com\/mobile\/20191204\/20191204161819_ed9596f60907acfb6197a0db21cbbf4e_3_mwpm_03200403.jpg"
			}, {
				"uniquekey": "ff34ce9732433a5d462bcc079327e0d1",
				"title": "机构：11 月重点城市租赁市场降幅收窄 市场企稳",
				"date": "2019-12-04 16:18",
				"category": "财经",
				"author_name": "ZAKER网",
				"url": "http:\/\/mini.eastday.com\/mobile\/191204161810872.html",
				"thumbnail_pic_s": "http:\/\/03imgmini.eastday.com\/mobile\/20191204\/20191204161810_cace4a4addf411223c98d7b20b621f0c_1_mwpm_03200403.jpg",
				"thumbnail_pic_s02": "http:\/\/03imgmini.eastday.com\/mobile\/20191204\/20191204161810_cace4a4addf411223c98d7b20b621f0c_2_mwpm_03200403.jpg",
				"thumbnail_pic_s03": "http:\/\/03imgmini.eastday.com\/mobile\/20191204\/20191204161810_cace4a4addf411223c98d7b20b621f0c_4_mwpm_03200403.jpg"
			}, {
				"uniquekey": "f853999385eb8beebd27074815dc6bdf",
				"title": "武汉新规：允许商业、办公等存量房改造为租赁住房",
				"date": "2019-12-04 16:18",
				"category": "财经",
				"author_name": "ZAKER网",
				"url": "http:\/\/mini.eastday.com\/mobile\/191204161802920.html",
				"thumbnail_pic_s": "http:\/\/08imgmini.eastday.com\/mobile\/20191204\/20191204161802_818e2f8ca7bd4db392dff32bf7898883_1_mwpm_03200403.jpg"
			}, {
				"uniquekey": "7801a74693f83b3aba15194a0a731c54",
				"title": "化工企业对危险化学品进行检查时须注意",
				"date": "2019-12-04 16:16",
				"category": "财经",
				"author_name": "隆众产业园",
				"url": "http:\/\/mini.eastday.com\/mobile\/191204161627535.html",
				"thumbnail_pic_s": "http:\/\/02imgmini.eastday.com\/mobile\/20191204\/2019120416_e5ff2734b6db41348f48e88219ba83d5_3160_mwpm_03200403.jpg"
			}, {
				"uniquekey": "9fa85ba286a3c7a7e4290a0e557f01aa",
				"title": "中国连续26年稳居全球集装箱产销首位",
				"date": "2019-12-04 16:15",
				"category": "财经",
				"author_name": "中金网",
				"url": "http:\/\/mini.eastday.com\/mobile\/191204161507787.html",
				"thumbnail_pic_s": "http:\/\/01imgmini.eastday.com\/mobile\/20191204\/20191204161507_aa0ad1c8b6ca1f1f481ee503909beea1_1_mwpm_03200403.jpg"
			}, {
				"uniquekey": "330af633123ea8fc5239336bc3d8c1b4",
				"title": "蓝光发展：拟为 12 家劳务公司提供 2.5 亿元借款担保",
				"date": "2019-12-04 16:12",
				"category": "财经",
				"author_name": "ZAKER网",
				"url": "http:\/\/mini.eastday.com\/mobile\/191204161248474.html",
				"thumbnail_pic_s": "http:\/\/03imgmini.eastday.com\/mobile\/20191204\/20191204161248_ed030cf575c06cf93b3f64651e7bec41_1_mwpm_03200403.jpg"
			}, {
				"uniquekey": "c18c58fa276a048923a474800511e44d",
				"title": "一只录音笔带来的“转机”，“供大于求”的行业或迎来爆发性增长？",
				"date": "2019-12-04 16:12",
				"category": "财经",
				"author_name": "ZAKER网",
				"url": "http:\/\/mini.eastday.com\/mobile\/191204161202724.html",
				"thumbnail_pic_s": "http:\/\/05imgmini.eastday.com\/mobile\/20191204\/20191204161202_6da8ccfcae3dba8975edd0306d95cbe5_2_mwpm_03200403.jpg",
				"thumbnail_pic_s02": "http:\/\/05imgmini.eastday.com\/mobile\/20191204\/20191204161202_6da8ccfcae3dba8975edd0306d95cbe5_1_mwpm_03200403.jpg",
				"thumbnail_pic_s03": "http:\/\/05imgmini.eastday.com\/mobile\/20191204\/20191204161202_6da8ccfcae3dba8975edd0306d95cbe5_3_mwpm_03200403.jpg"
			}, {
				"uniquekey": "90c4df28210b5090ade6e8696bdd1017",
				"title": "中蒙最大陆路口岸中欧班列搭载货物总量首破百万吨",
				"date": "2019-12-04 16:08",
				"category": "财经",
				"author_name": "中国新闻网",
				"url": "http:\/\/mini.eastday.com\/mobile\/191204160855925.html",
				"thumbnail_pic_s": "http:\/\/01imgmini.eastday.com\/mobile\/20191204\/20191204160855_c4c0cd2add848f51b7da8391ab699a52_2_mwpm_03200403.jpg",
				"thumbnail_pic_s02": "http:\/\/01imgmini.eastday.com\/mobile\/20191204\/20191204160855_c4c0cd2add848f51b7da8391ab699a52_1_mwpm_03200403.jpg"
			}, {
				"uniquekey": "f0dcd8d98229618e029936706be9264d",
				"title": "新华保险开放日深圳举行 2020年将进入加速发展阶段",
				"date": "2019-12-04 16:08",
				"category": "财经",
				"author_name": "重庆晨报",
				"url": "http:\/\/mini.eastday.com\/mobile\/191204160824486.html",
				"thumbnail_pic_s": "http:\/\/03imgmini.eastday.com\/mobile\/20191204\/20191204160824_67d60b4eb328e07eb2e0e2628f18bf1a_1_mwpm_03200403.jpg"
			}, {
				"uniquekey": "b3c7660acbc247d9a42e3cf7af520ec0",
				"title": "正荣地产控股：王本龙不再担任公司董事兼总经理",
				"date": "2019-12-04 16:08",
				"category": "财经",
				"author_name": "乐居财经",
				"url": "http:\/\/mini.eastday.com\/mobile\/191204160817349.html",
				"thumbnail_pic_s": "http:\/\/04imgmini.eastday.com\/mobile\/20191204\/20191204160817_1e5ff141b07316d88f38b6393d88b30c_1_mwpm_03200403.jpg"
			}
		]
	},
	"error_code": 0
}