{
	"reason": "成功的返回",
	"result": {
		"stat": "1",
		"data": [
			{
				"uniquekey": "7129d31113eea8c8b31f269acd7c96c4",
				"title": "每3.4秒包一个！世界上包饺子最快的人竟来自这里",
				"date": "2019-12-04 16:49",
				"category": "国际",
				"author_name": "中国新闻网",
				"url": "http:\/\/mini.eastday.com\/mobile\/191204164918238.html",
				"thumbnail_pic_s": "http:\/\/08imgmini.eastday.com\/mobile\/20191204\/20191204164918_29049c664b190207e1af8f44abde9f28_2_mwpm_03200403.jpg",
				"thumbnail_pic_s02": "http:\/\/08imgmini.eastday.com\/mobile\/20191204\/20191204164918_29049c664b190207e1af8f44abde9f28_1_mwpm_03200403.jpg"
			}, {
				"uniquekey": "1fc326be4879a2d5a6ecc3fa06622f72",
				"title": "超强台风“北冕”侵袭菲律宾 已造成至少11人死亡",
				"date": "2019-12-04 16:46",
				"category": "国际",
				"author_name": "中国新闻网",
				"url": "http:\/\/mini.eastday.com\/mobile\/191204164622444.html",
				"thumbnail_pic_s": "http:\/\/02imgmini.eastday.com\/mobile\/20191204\/20191204164622_4a7af993bca499e9f210e6e913099660_1_mwpm_03200403.jpg"
			}, {
				"uniquekey": "9e642eee269a648dacf7b7e40a7d038e",
				"title": "载旗航空公司已经过时了吗？",
				"date": "2019-12-04 16:45",
				"category": "国际",
				"author_name": "环球网",
				"url": "http:\/\/mini.eastday.com\/mobile\/191204164545515.html",
				"thumbnail_pic_s": "http:\/\/00imgmini.eastday.com\/mobile\/20191204\/20191204164545_bfc35e0d21a4a6bab1bad2b5f9f96960_1_mwpm_03200403.jpg"
			}, {
				"uniquekey": "855d357cd7c4606d19f3f72a18d655ae",
				"title": "日本新任驻韩大使走马上任 当天就立下这些誓言",
				"date": "2019-12-04 16:45",
				"category": "国际",
				"author_name": "海外网",
				"url": "http:\/\/mini.eastday.com\/mobile\/191204164514841.html",
				"thumbnail_pic_s": "http:\/\/08imgmini.eastday.com\/mobile\/20191204\/20191204164514_f086271ae57236f66c9be7227f38f46f_1_mwpm_03200403.jpg"
			}, {
				"uniquekey": "a07c4e5529afa8dcb73708d78202ca32",
				"title": "外交部回应将如何反制美涉疆\"法案\"：该付出的代价终究会来",
				"date": "2019-12-04 16:45",
				"category": "国际",
				"author_name": "海外网",
				"url": "http:\/\/mini.eastday.com\/mobile\/191204164513442.html",
				"thumbnail_pic_s": "http:\/\/04imgmini.eastday.com\/mobile\/20191204\/20191204164513_a535d0b9e199e4341e36ec76d822e528_1_mwpm_03200403.jpg"
			}, {
				"uniquekey": "bc971dd0941413b5c018c65623a37132",
				"title": "压力过大？日本职场氛围调查：“充满杀气”居榜首",
				"date": "2019-12-04 16:44",
				"category": "国际",
				"author_name": "北青网",
				"url": "http:\/\/mini.eastday.com\/mobile\/191204164417443.html",
				"thumbnail_pic_s": "http:\/\/02imgmini.eastday.com\/mobile\/20191204\/20191204164417_bfddc5a12ff9495c4a03d0b331ac7375_1_mwpm_03200403.jpg"
			}, {
				"uniquekey": "2a24dc33425717cc93fbd787dc050cdd",
				"title": "印度拟再限制棕榈油进口 新规定可能从1月份开始实施",
				"date": "2019-12-04 16:39",
				"category": "国际",
				"author_name": "中国食用油信息网",
				"url": "http:\/\/mini.eastday.com\/mobile\/191204163913139.html",
				"thumbnail_pic_s": "http:\/\/04imgmini.eastday.com\/mobile\/20191204\/20191204163913_992c92349dc137ae35fdf9d693988a62_1_mwpm_03200403.jpg"
			}, {
				"uniquekey": "6977f53a0db7bd2ddc3f419e785cb510",
				"title": "印度人送外卖已经130年，5000人每天20送万份，怎么做到的？",
				"date": "2019-12-04 16:37",
				"category": "国际",
				"author_name": "天下有景",
				"url": "http:\/\/mini.eastday.com\/mobile\/191204163754353.html",
				"thumbnail_pic_s": "http:\/\/04imgmini.eastday.com\/mobile\/20191204\/20191204163754_eb70a62f54524b360d01ea708c0c0cfc_5_mwpm_03200403.jpg",
				"thumbnail_pic_s02": "http:\/\/04imgmini.eastday.com\/mobile\/20191204\/20191204163754_eb70a62f54524b360d01ea708c0c0cfc_3_mwpm_03200403.jpg",
				"thumbnail_pic_s03": "http:\/\/04imgmini.eastday.com\/mobile\/20191204\/20191204163754_eb70a62f54524b360d01ea708c0c0cfc_4_mwpm_03200403.jpg"
			}, {
				"uniquekey": "7672be4f9de31098585def97bca27731",
				"title": "北约秘书长与特朗普共进早餐，称“一如既往由美国买单”",
				"date": "2019-12-04 16:37",
				"category": "国际",
				"author_name": "环球网",
				"url": "http:\/\/mini.eastday.com\/mobile\/191204163732288.html",
				"thumbnail_pic_s": "http:\/\/01imgmini.eastday.com\/mobile\/20191204\/20191204163732_bc1491be47da9a88a97baa9dbd3a3b25_1_mwpm_03200403.jpg"
			}, {
				"uniquekey": "5792a8f1b5fefdece310f9862b47b02e",
				"title": "精神病女子生俩娃不知孩子父亲是谁，如今孩子全靠外婆捡废品养活",
				"date": "2019-12-04 16:33",
				"category": "国际",
				"author_name": "睹图",
				"url": "http:\/\/mini.eastday.com\/mobile\/191204163323173.html",
				"thumbnail_pic_s": "http:\/\/04imgmini.eastday.com\/mobile\/20191204\/2019120416_d11175b1317e4bd2973d1854e4b721e6_9417_mwpm_03200403.jpg",
				"thumbnail_pic_s02": "http:\/\/04imgmini.eastday.com\/mobile\/20191204\/2019120416_afa87bc1820d4e5884c718c16879a151_5184_mwpm_03200403.jpg",
				"thumbnail_pic_s03": "http:\/\/04imgmini.eastday.com\/mobile\/20191204\/2019120416_54f32e6354794fc7a909805fc028bf8a_4828_mwpm_03200403.jpg"
			}, {
				"uniquekey": "ce8c2080e857efe1ca6db92c88fcdae9",
				"title": "日本虐待儿童事件频发！3岁男童被34岁男子殴打致死",
				"date": "2019-12-04 16:29",
				"category": "国际",
				"author_name": "央视网",
				"url": "http:\/\/mini.eastday.com\/mobile\/191204162912780.html",
				"thumbnail_pic_s": "http:\/\/09imgmini.eastday.com\/mobile\/20191204\/20191204162912_9e253816738d7b7eb351d276cda0cd22_1_mwpm_03200403.jpg"
			}, {
				"uniquekey": "1ac513801198f01a6a00c4bf2555830b",
				"title": "日本“脱鞋文化”盛行，去到哪都会脱鞋，那脚臭患者该咋办？",
				"date": "2019-12-04 16:28",
				"category": "国际",
				"author_name": "悠悠爱旅行",
				"url": "http:\/\/mini.eastday.com\/mobile\/191204162805590.html",
				"thumbnail_pic_s": "http:\/\/05imgmini.eastday.com\/mobile\/20191204\/20191204162805_041bd0709634386632a387d0d6095630_3_mwpm_03200403.jpg",
				"thumbnail_pic_s02": "http:\/\/05imgmini.eastday.com\/mobile\/20191204\/20191204162805_041bd0709634386632a387d0d6095630_5_mwpm_03200403.jpg",
				"thumbnail_pic_s03": "http:\/\/05imgmini.eastday.com\/mobile\/20191204\/20191204162805_041bd0709634386632a387d0d6095630_4_mwpm_03200403.jpg"
			}, {
				"uniquekey": "7b3808b8a6f851c98a557d704976b190",
				"title": "申请法国艺术留学有哪些好处？",
				"date": "2019-12-04 16:23",
				"category": "国际",
				"author_name": "与闺蜜相约",
				"url": "http:\/\/mini.eastday.com\/mobile\/191204162352827.html",
				"thumbnail_pic_s": "http:\/\/03imgmini.eastday.com\/mobile\/20191204\/20191204162352_9d2bebac1813315646ae5af5f0d1a33e_1_mwpm_03200403.jpg"
			}, {
				"uniquekey": "5ff3c28225720df9fb2e3499f4a60d97",
				"title": "美国父亲接管女儿社交账号，专发自己可爱少女照，爆红网络受追捧",
				"date": "2019-12-04 16:23",
				"category": "国际",
				"author_name": "英国英鸟",
				"url": "http:\/\/mini.eastday.com\/mobile\/191204162352051.html",
				"thumbnail_pic_s": "http:\/\/04imgmini.eastday.com\/mobile\/20191204\/20191204162352_13e5b819db24c8d37efa5a10dc5e1113_1_mwpm_03200403.jpg",
				"thumbnail_pic_s02": "http:\/\/04imgmini.eastday.com\/mobile\/20191204\/20191204162352_13e5b819db24c8d37efa5a10dc5e1113_2_mwpm_03200403.jpg"
			}, {
				"uniquekey": "bbccff954b3581926295241268c140d1",
				"title": "糟心！1号公路Big Sur 路段又出故障",
				"date": "2019-12-04 16:22",
				"category": "国际",
				"author_name": "大尔湾Bigirvine",
				"url": "http:\/\/mini.eastday.com\/mobile\/191204162244008.html",
				"thumbnail_pic_s": "http:\/\/08imgmini.eastday.com\/mobile\/20191204\/20191204162244_e02ede702e31c7e75f8b4eb866e7de04_2_mwpm_03200403.jpg",
				"thumbnail_pic_s02": "http:\/\/08imgmini.eastday.com\/mobile\/20191204\/20191204162244_e02ede702e31c7e75f8b4eb866e7de04_3_mwpm_03200403.jpg",
				"thumbnail_pic_s03": "http:\/\/08imgmini.eastday.com\/mobile\/20191204\/20191204162244_e02ede702e31c7e75f8b4eb866e7de04_4_mwpm_03200403.jpg"
			}, {
				"uniquekey": "6c48f7438cb6e6a502eb37cd9ee2e825",
				"title": "加拿大男子救治受伤“狗” 经人提醒才知是狼",
				"date": "2019-12-04 16:15",
				"category": "国际",
				"author_name": "海外网",
				"url": "http:\/\/mini.eastday.com\/mobile\/191204161552011.html",
				"thumbnail_pic_s": "http:\/\/01imgmini.eastday.com\/mobile\/20191204\/20191204161552_428ba45a346aaa4c0a1809d441cc8f3d_1_mwpm_03200403.jpg"
			}, {
				"uniquekey": "ef3f94f4dab65dfc12a6b024ee649498",
				"title": "一中国女子在美失踪近两个月，当地警方再次下河搜寻",
				"date": "2019-12-04 16:08",
				"category": "国际",
				"author_name": "智慧烟台",
				"url": "http:\/\/mini.eastday.com\/mobile\/191204160800309.html",
				"thumbnail_pic_s": "http:\/\/06imgmini.eastday.com\/mobile\/20191204\/20191204160800_3b69fdada09a86fb6c2cd9a6b6e69ff9_3_mwpm_03200403.jpg",
				"thumbnail_pic_s02": "http:\/\/06imgmini.eastday.com\/mobile\/20191204\/20191204160800_3b69fdada09a86fb6c2cd9a6b6e69ff9_1_mwpm_03200403.jpg",
				"thumbnail_pic_s03": "http:\/\/06imgmini.eastday.com\/mobile\/20191204\/20191204160800_3b69fdada09a86fb6c2cd9a6b6e69ff9_2_mwpm_03200403.jpg"
			}, {
				"uniquekey": "a39156d99c245be28839a51076fa618c",
				"title": "文在寅老部下受贿被捕 韩国检方搜查青瓦台带走相关资料",
				"date": "2019-12-04 16:02",
				"category": "国际",
				"author_name": "环球网",
				"url": "http:\/\/mini.eastday.com\/mobile\/191204160255965.html",
				"thumbnail_pic_s": "http:\/\/07imgmini.eastday.com\/mobile\/20191204\/20191204160255_faae02eab27e5891467b1d91157375c6_1_mwpm_03200403.jpg"
			}, {
				"uniquekey": "1d273c6c1f0261623332e61c19371c20",
				"title": "儿子床上玩手机变趴姿黑尸 母亲惊见泪崩报警",
				"date": "2019-12-04 16:01",
				"category": "国际",
				"author_name": "北青网",
				"url": "http:\/\/mini.eastday.com\/mobile\/191204160157867.html",
				"thumbnail_pic_s": "http:\/\/00imgmini.eastday.com\/mobile\/20191204\/20191204160157_eb9d14f9a4ebfd0e51e0bdd501575ca7_4_mwpm_03200403.jpg",
				"thumbnail_pic_s02": "http:\/\/00imgmini.eastday.com\/mobile\/20191204\/20191204160157_eb9d14f9a4ebfd0e51e0bdd501575ca7_2_mwpm_03200403.jpg",
				"thumbnail_pic_s03": "http:\/\/00imgmini.eastday.com\/mobile\/20191204\/20191204160157_eb9d14f9a4ebfd0e51e0bdd501575ca7_3_mwpm_03200403.jpg"
			}, {
				"uniquekey": "f3859bda183d9e11c855e2959e18bbe0",
				"title": "男子在床上充电玩手机被电死 拿手机手有灼伤痕迹",
				"date": "2019-12-04 16:01",
				"category": "国际",
				"author_name": "河南都市频道TB",
				"url": "http:\/\/mini.eastday.com\/mobile\/191204160140809.html",
				"thumbnail_pic_s": "http:\/\/02imgmini.eastday.com\/mobile\/20191204\/20191204160140_66e92d1abd06882ca94b855754c665a5_2_mwpm_03200403.jpg",
				"thumbnail_pic_s02": "http:\/\/02imgmini.eastday.com\/mobile\/20191204\/20191204160140_66e92d1abd06882ca94b855754c665a5_4_mwpm_03200403.jpg",
				"thumbnail_pic_s03": "http:\/\/02imgmini.eastday.com\/mobile\/20191204\/20191204160140_66e92d1abd06882ca94b855754c665a5_3_mwpm_03200403.jpg"
			}, {
				"uniquekey": "3479341dbdd4fcb53d1ce05a0e1fbd61",
				"title": "梁云局长带团与日本韩国开展禁毒工作会晤",
				"date": "2019-12-04 16:01",
				"category": "国际",
				"author_name": "中国禁毒",
				"url": "http:\/\/mini.eastday.com\/mobile\/191204160130642.html",
				"thumbnail_pic_s": "http:\/\/09imgmini.eastday.com\/mobile\/20191204\/20191204160130_1f301d9d32ecbb26c4587296e3378f46_4_mwpm_03200403.jpg",
				"thumbnail_pic_s02": "http:\/\/09imgmini.eastday.com\/mobile\/20191204\/20191204160130_1f301d9d32ecbb26c4587296e3378f46_5_mwpm_03200403.jpg",
				"thumbnail_pic_s03": "http:\/\/09imgmini.eastday.com\/mobile\/20191204\/20191204160130_1f301d9d32ecbb26c4587296e3378f46_6_mwpm_03200403.jpg"
			}, {
				"uniquekey": "be27ceddd2e08bfcddfad6030ae98a07",
				"title": "女子防毒贩枪里装子弹 2岁儿以为玩具枪打死自己",
				"date": "2019-12-04 16:01",
				"category": "国际",
				"author_name": "看看新闻",
				"url": "http:\/\/mini.eastday.com\/mobile\/191204160117623.html",
				"thumbnail_pic_s": "http:\/\/05imgmini.eastday.com\/mobile\/20191204\/20191204160117_2fa208e033d6e35db0ccc6877b77ddb4_2_mwpm_03200403.jpg",
				"thumbnail_pic_s02": "http:\/\/05imgmini.eastday.com\/mobile\/20191204\/20191204160117_2fa208e033d6e35db0ccc6877b77ddb4_1_mwpm_03200403.jpg"
			}, {
				"uniquekey": "913792136e660d2db84cfdfe8b827c5a",
				"title": "18岁男子脑死亡 火化前妈妈喊别离开 下秒竟复活",
				"date": "2019-12-04 16:01",
				"category": "国际",
				"author_name": "看看新闻",
				"url": "http:\/\/mini.eastday.com\/mobile\/191204160115184.html",
				"thumbnail_pic_s": "http:\/\/05imgmini.eastday.com\/mobile\/20191204\/20191204160115_9a077913915a1089ab56adc9d0eb49a9_2_mwpm_03200403.jpg",
				"thumbnail_pic_s02": "http:\/\/05imgmini.eastday.com\/mobile\/20191204\/20191204160115_9a077913915a1089ab56adc9d0eb49a9_1_mwpm_03200403.jpg",
				"thumbnail_pic_s03": "http:\/\/05imgmini.eastday.com\/mobile\/20191204\/20191204160115_9a077913915a1089ab56adc9d0eb49a9_3_mwpm_03200403.jpg"
			}, {
				"uniquekey": "ae228733dafcef45e858a35362fcdbfe",
				"title": "韩青瓦台遭扣押调查 因中断对前釜山经济副市长监察",
				"date": "2019-12-04 15:57",
				"category": "国际",
				"author_name": "中国新闻网",
				"url": "http:\/\/mini.eastday.com\/mobile\/191204155703521.html",
				"thumbnail_pic_s": "http:\/\/09imgmini.eastday.com\/mobile\/20191204\/20191204155703_88f7a851cbb5b8585dac3b0d6372c3a4_1_mwpm_03200403.jpg"
			}, {
				"uniquekey": "8422db76e0f04dfc04ee4098591455d4",
				"title": "CGTN全球媒体峰会共话“媒体与科技”CGTN智库成立",
				"date": "2019-12-04 15:55",
				"category": "国际",
				"author_name": "央视网",
				"url": "http:\/\/mini.eastday.com\/mobile\/191204155548327.html",
				"thumbnail_pic_s": "http:\/\/09imgmini.eastday.com\/mobile\/20191204\/20191204155548_c080f40a2dc49d2975513d4779636c67_3_mwpm_03200403.jpg",
				"thumbnail_pic_s02": "http:\/\/09imgmini.eastday.com\/mobile\/20191204\/20191204155548_c080f40a2dc49d2975513d4779636c67_4_mwpm_03200403.jpg",
				"thumbnail_pic_s03": "http:\/\/09imgmini.eastday.com\/mobile\/20191204\/20191204155548_c080f40a2dc49d2975513d4779636c67_5_mwpm_03200403.jpg"
			}, {
				"uniquekey": "65b38c656b7e176f3e7c4414548a3aea",
				"title": "驻墨西哥大使祝青桥访问下加利福尼亚州",
				"date": "2019-12-04 15:54",
				"category": "国际",
				"author_name": "外交部",
				"url": "http:\/\/mini.eastday.com\/mobile\/191204155438140.html",
				"thumbnail_pic_s": "http:\/\/04imgmini.eastday.com\/mobile\/20191204\/20191204155438_7def71f41968ee84bac732a3514bddb5_3_mwpm_03200403.jpg",
				"thumbnail_pic_s02": "http:\/\/04imgmini.eastday.com\/mobile\/20191204\/20191204155438_7def71f41968ee84bac732a3514bddb5_1_mwpm_03200403.jpg",
				"thumbnail_pic_s03": "http:\/\/04imgmini.eastday.com\/mobile\/20191204\/20191204155438_7def71f41968ee84bac732a3514bddb5_5_mwpm_03200403.jpg"
			}, {
				"uniquekey": "cc1087e0ca24370369b0209a919e07b2",
				"title": "驻非盟使团团长刘豫锡大使会见非盟农业委员萨科",
				"date": "2019-12-04 15:54",
				"category": "国际",
				"author_name": "外交部",
				"url": "http:\/\/mini.eastday.com\/mobile\/191204155437287.html",
				"thumbnail_pic_s": "http:\/\/03imgmini.eastday.com\/mobile\/20191204\/20191204155437_af4f5246f6ef6bb5fb4b1c2df8ea88e0_1_mwpm_03200403.jpg"
			}, {
				"uniquekey": "b766cad10f090184b638e17f758bcd51",
				"title": "华裔学生转校率高，马来西亚华小面临国际学校的强势竞争",
				"date": "2019-12-04 15:53",
				"category": "国际",
				"author_name": "中国网教育",
				"url": "http:\/\/mini.eastday.com\/mobile\/191204155325417.html",
				"thumbnail_pic_s": "http:\/\/07imgmini.eastday.com\/mobile\/20191204\/20191204155325_9b92c0192ac230c6b63d277076427294_1_mwpm_03200403.jpg"
			}, {
				"uniquekey": "36945032523c5ec709ebf532f0a18ded",
				"title": "法国全国大罢工预计5日开始 我驻法使馆提醒中国公民谨慎",
				"date": "2019-12-04 15:53",
				"category": "国际",
				"author_name": "央视网",
				"url": "http:\/\/mini.eastday.com\/mobile\/191204155325404.html",
				"thumbnail_pic_s": "http:\/\/01imgmini.eastday.com\/mobile\/20191204\/20191204155325_398da64fed06a0c0df98013d5a3a278c_1_mwpm_03200403.jpg"
			}, {
				"uniquekey": "1bcfc977aab0fab5122250c7df7c88af",
				"title": "在自动售货机买免税商品？日本2021年将推行",
				"date": "2019-12-04 15:52",
				"category": "国际",
				"author_name": "民航资源网",
				"url": "http:\/\/mini.eastday.com\/mobile\/191204155241329.html",
				"thumbnail_pic_s": "http:\/\/01imgmini.eastday.com\/mobile\/20191204\/20191204155241_3a491bda9b4d3b00c4cc9793cb301742_1_mwpm_03200403.jpg"
			}
		]
	},
	"error_code": 0
}