{
	"reason": "成功的返回",
	"result": {
		"stat": "1",
		"data": [
			{
				"uniquekey": "61d1634295da60562136a939b54c0678",
				"title": "美国真霸气：对日本汽车征收高额关税 还要对方买自己的牛肉",
				"date": "2019-12-04 16:41",
				"category": "军事",
				"author_name": "东方头条 利刃军事",
				"url": "http:\/\/mini.eastday.com\/mobile\/191204164147580.html",
				"thumbnail_pic_s": "http:\/\/03imgmini.eastday.com\/mobile\/20191204\/2019120416_9e00458d74da4ff993b842c01349ed6f_4812_mwpm_03200403.jpg",
				"thumbnail_pic_s02": "http:\/\/03imgmini.eastday.com\/mobile\/20191204\/2019120416_d5e423c5c987466cbf5c1f30e3cfb925_7896_mwpm_03200403.jpg",
				"thumbnail_pic_s03": "http:\/\/03imgmini.eastday.com\/mobile\/20191204\/2019120416_48d19145567b4b31807a1cd36e9d4e07_9775_mwpm_03200403.jpg"
			}, {
				"uniquekey": "573167f17bcbba8fdd72f8d49a9397de",
				"title": "浙江海宁污水罐体倒塌 武警星夜驰援奋战救灾一线",
				"date": "2019-12-04 16:39",
				"category": "军事",
				"author_name": "中国新闻网",
				"url": "http:\/\/mini.eastday.com\/mobile\/191204163912371.html",
				"thumbnail_pic_s": "http:\/\/07imgmini.eastday.com\/mobile\/20191204\/20191204163912_c6af8d9400bab8bfd29b834c7ff0bfc3_3_mwpm_03200403.jpg",
				"thumbnail_pic_s02": "http:\/\/07imgmini.eastday.com\/mobile\/20191204\/20191204163912_c6af8d9400bab8bfd29b834c7ff0bfc3_1_mwpm_03200403.jpg",
				"thumbnail_pic_s03": "http:\/\/07imgmini.eastday.com\/mobile\/20191204\/20191204163912_c6af8d9400bab8bfd29b834c7ff0bfc3_4_mwpm_03200403.jpg"
			}, {
				"uniquekey": "58ab293d661984a93407700389450e40",
				"title": "砸钱堪比印度！刚买完苏35现在又买F16，网友：美俄能答应？",
				"date": "2019-12-04 16:35",
				"category": "军事",
				"author_name": "东方头条 123军情观察室",
				"url": "http:\/\/mini.eastday.com\/mobile\/191204163522866.html",
				"thumbnail_pic_s": "http:\/\/03imgmini.eastday.com\/mobile\/20191204\/2019120416_056b2fcb6b6e475da943f243e9eba46f_2308_mwpm_03200403.jpg",
				"thumbnail_pic_s02": "http:\/\/03imgmini.eastday.com\/mobile\/20191204\/2019120416_4d39d7cffb674ef69b8b3e34be451f2e_1719_mwpm_03200403.jpg",
				"thumbnail_pic_s03": "http:\/\/03imgmini.eastday.com\/mobile\/20191204\/2019120416_24b8162e815c4d6ba62f0d31a01d8dbb_8374_mwpm_03200403.jpg"
			}, {
				"uniquekey": "a6c59bed528b122484d29bd1d33c3abe",
				"title": "又打起来了 美军战机发动猛烈反击 俄称此招战无不胜",
				"date": "2019-12-04 16:34",
				"category": "军事",
				"author_name": "东方头条  张殿成军情观察",
				"url": "http:\/\/mini.eastday.com\/mobile\/191204163418967.html",
				"thumbnail_pic_s": "http:\/\/03imgmini.eastday.com\/mobile\/20191204\/2019120416_3cf8468e69194e64bc7e344f5f11ee69_8021_mwpm_03200403.jpg",
				"thumbnail_pic_s02": "http:\/\/03imgmini.eastday.com\/mobile\/20191204\/2019120416_c66ce1513e624ad4923a921ba5d31a1e_3161_mwpm_03200403.jpg",
				"thumbnail_pic_s03": "http:\/\/03imgmini.eastday.com\/mobile\/20191204\/2019120416_d5fe055757e1464d96226f85ef629f27_9846_mwpm_03200403.jpg"
			}, {
				"uniquekey": "1376b75556940ff6ad64d55172ad6f36",
				"title": "美空军再度耗巨资，让洛马公司升级这款导弹，专家称俄威胁太大",
				"date": "2019-12-04 16:10",
				"category": "军事",
				"author_name": "东方头条 芊微防务观察",
				"url": "http:\/\/mini.eastday.com\/mobile\/191204161029680.html",
				"thumbnail_pic_s": "http:\/\/08imgmini.eastday.com\/mobile\/20191204\/2019120416_fcc35f3b747d4820ba31e157f8bb8208_2917_mwpm_03200403.jpg",
				"thumbnail_pic_s02": "http:\/\/08imgmini.eastday.com\/mobile\/20191204\/2019120416_7130171242f342d0a772ed3de77aeb70_8750_mwpm_03200403.jpg",
				"thumbnail_pic_s03": "http:\/\/08imgmini.eastday.com\/mobile\/20191204\/2019120416_75bb48d94d6144839b6dce3cc52357f8_5350_mwpm_03200403.jpg"
			}, {
				"uniquekey": "91c0fbba33b4f3ed94d73b80565cedac",
				"title": "日本出云号将加装弹射器，吨位或超过3万吨，专家称需提高警惕",
				"date": "2019-12-04 16:08",
				"category": "军事",
				"author_name": "东方头条 芊微防务观察",
				"url": "http:\/\/mini.eastday.com\/mobile\/191204160812600.html",
				"thumbnail_pic_s": "http:\/\/08imgmini.eastday.com\/mobile\/20191204\/2019120416_a5b6a80ed5c748c4939802c2ad3814e4_0553_mwpm_03200403.jpg",
				"thumbnail_pic_s02": "http:\/\/08imgmini.eastday.com\/mobile\/20191204\/2019120416_b31cdcb2e71242e6b7cb7e476fdcd781_8269_mwpm_03200403.jpg",
				"thumbnail_pic_s03": "http:\/\/08imgmini.eastday.com\/mobile\/20191204\/2019120416_8353cb7f9e1e46b499bd08d6643e36da_3598_mwpm_03200403.jpg"
			}, {
				"uniquekey": "f8e56cda6ca3154b8d57dc56ed6634b6",
				"title": "伊朗开始反击",
				"date": "2019-12-04 15:39",
				"category": "军事",
				"author_name": "东方头条 军中三剑客",
				"url": "http:\/\/mini.eastday.com\/mobile\/191204153901398.html",
				"thumbnail_pic_s": "http:\/\/07imgmini.eastday.com\/mobile\/20191204\/2019120415_50ec0c9658044c53a015680c012381be_0498_mwpm_03200403.jpg",
				"thumbnail_pic_s02": "http:\/\/07imgmini.eastday.com\/mobile\/20191204\/2019120415_de8a9e565b7c48ee91a6a014c1eff9e3_3272_mwpm_03200403.jpg",
				"thumbnail_pic_s03": "http:\/\/07imgmini.eastday.com\/mobile\/20191204\/2019120415_62186c39520f43e491d8a7c2b049e414_5974_mwpm_03200403.jpg"
			}, {
				"uniquekey": "dff5cc67a6fb4e992eae8bf0182d47ea",
				"title": "美帝掌握核心科技：F16背着两个巨型油箱 空战性能丝毫不减",
				"date": "2019-12-04 15:37",
				"category": "军事",
				"author_name": "东方头条 利刃军事",
				"url": "http:\/\/mini.eastday.com\/mobile\/191204153722099.html",
				"thumbnail_pic_s": "http:\/\/01imgmini.eastday.com\/mobile\/20191204\/2019120415_db75b39cbf2b40a083bb05cc97218716_5383_mwpm_03200403.jpg",
				"thumbnail_pic_s02": "http:\/\/01imgmini.eastday.com\/mobile\/20191204\/2019120415_88dde415954d4456b1ddcfee24024509_3596_mwpm_03200403.jpg",
				"thumbnail_pic_s03": "http:\/\/01imgmini.eastday.com\/mobile\/20191204\/2019120415_df1cc733c0d147deb65638611b3f4565_0927_mwpm_03200403.jpg"
			}, {
				"uniquekey": "82fa5b3d08dfdfcd34a30c3423c328be",
				"title": "美联航宣布订购50架空客飞机，替代老式波音飞机",
				"date": "2019-12-04 15:33",
				"category": "军事",
				"author_name": "西部网",
				"url": "http:\/\/mini.eastday.com\/mobile\/191204153332484.html",
				"thumbnail_pic_s": "http:\/\/07imgmini.eastday.com\/mobile\/20191204\/20191204153332_ec46120c29a7b6feacd1696085790815_1_mwpm_03200403.jpg"
			}, {
				"uniquekey": "cd2c3529cd17e5063f30613a1e779fa7",
				"title": "美军四等人结构调整，削减装甲部队规模，不再与海陆两军争夺资源",
				"date": "2019-12-04 15:09",
				"category": "军事",
				"author_name": "东方头条 123军情观察室",
				"url": "http:\/\/mini.eastday.com\/mobile\/191204150955961.html",
				"thumbnail_pic_s": "http:\/\/08imgmini.eastday.com\/mobile\/20191204\/2019120415_3405d5fd961c4257b26785df15a567f4_5677_mwpm_03200403.jpg",
				"thumbnail_pic_s02": "http:\/\/08imgmini.eastday.com\/mobile\/20191204\/2019120415_40cc9da02d464e75a579b89edf9df6bf_9785_mwpm_03200403.jpg",
				"thumbnail_pic_s03": "http:\/\/08imgmini.eastday.com\/mobile\/20191204\/2019120415_0801b0a7bdaf4757820e02009c84f322_6378_mwpm_03200403.jpg"
			}, {
				"uniquekey": "87be6dfed10a8f2530a3a1c7383d0fa6",
				"title": "日本首次参加北约网络军演 日媒：实战意义重大",
				"date": "2019-12-04 14:56",
				"category": "军事",
				"author_name": "参考消息网",
				"url": "http:\/\/mini.eastday.com\/mobile\/191204145658331.html",
				"thumbnail_pic_s": "http:\/\/00imgmini.eastday.com\/mobile\/20191204\/20191204145658_85343df2607de2d0a92ef370f14df956_17_mwpm_03200403.jpg",
				"thumbnail_pic_s02": "http:\/\/00imgmini.eastday.com\/mobile\/20191204\/20191204145658_68bbaba72b2a088676cffbc62e68e3fa_1_mwpm_03200403.jpg",
				"thumbnail_pic_s03": "http:\/\/00imgmini.eastday.com\/mobile\/20191204\/20191204145658_97a7ab33a60c47f1149c8862bd92faf6_7_mwpm_03200403.jpg"
			}, {
				"uniquekey": "a59e2551f44a605ea57497611534be99",
				"title": "空客直升机与三国签署“虎”式直升机全球保障合同",
				"date": "2019-12-04 14:45",
				"category": "军事",
				"author_name": "中国军网",
				"url": "http:\/\/mini.eastday.com\/mobile\/191204144529705.html",
				"thumbnail_pic_s": "http:\/\/06imgmini.eastday.com\/mobile\/20191204\/20191204150801_b71536306a2a715aa2f18980c9ff6f78_1_mwpm_03200403.jpg"
			}, {
				"uniquekey": "df139a4e3605d7d313bf453fc2253590",
				"title": "萨博推出“鹰狮”战机全新几何配色涂装",
				"date": "2019-12-04 14:39",
				"category": "军事",
				"author_name": "中国军网",
				"url": "http:\/\/mini.eastday.com\/mobile\/191204143920963.html",
				"thumbnail_pic_s": "http:\/\/00imgmini.eastday.com\/mobile\/20191204\/20191204150801_9da11493187da1c66bd683c6c52f07e3_1_mwpm_03200403.jpg"
			}, {
				"uniquekey": "4b1b7b1606025e9ea1252e7d45b731a0",
				"title": "中东小国也能造“大八轮”：外形威武霸气 最大优点是空调给力",
				"date": "2019-12-04 14:27",
				"category": "军事",
				"author_name": "东方头条 利刃军事",
				"url": "http:\/\/mini.eastday.com\/mobile\/191204142710147.html",
				"thumbnail_pic_s": "http:\/\/05imgmini.eastday.com\/mobile\/20191204\/2019120414_4b6600facf004670a992cf46651cd2ac_1537_mwpm_03200403.jpg",
				"thumbnail_pic_s02": "http:\/\/05imgmini.eastday.com\/mobile\/20191204\/2019120414_2bc01f054eed4bb8b7ff1ee2c3de300b_9341_mwpm_03200403.jpg",
				"thumbnail_pic_s03": "http:\/\/05imgmini.eastday.com\/mobile\/20191204\/2019120414_43c76b1d0a5f486eae211d9b8b13dad6_6325_mwpm_03200403.jpg"
			}, {
				"uniquekey": "cbd72f54fb79c75b44adab9a9f4ab568",
				"title": "子弹界的“救世主”，射中后不仅不会死，还能救人性命",
				"date": "2019-12-04 14:12",
				"category": "军事",
				"author_name": "东方头条 谷火平",
				"url": "http:\/\/mini.eastday.com\/mobile\/191204141217027.html",
				"thumbnail_pic_s": "http:\/\/02imgmini.eastday.com\/mobile\/20191204\/2019120414_ab1d89e4f24e4213a95e58cb4d976060_4382_mwpm_03200403.jpg",
				"thumbnail_pic_s02": "http:\/\/02imgmini.eastday.com\/mobile\/20191204\/2019120414_abc8770941864cb9bf3bad8079511cd2_6501_mwpm_03200403.jpg",
				"thumbnail_pic_s03": "http:\/\/02imgmini.eastday.com\/mobile\/20191204\/2019120414_e8987dece6c64536b1f058969e9866dc_8851_mwpm_03200403.jpg"
			}, {
				"uniquekey": "378ad113f7ec9acfd5ff8deca48ab7f0",
				"title": "美军订购9艘弗吉尼亚级核潜艇，每艘可搭载40枚巡航导弹",
				"date": "2019-12-04 13:56",
				"category": "军事",
				"author_name": "澎湃新闻网",
				"url": "http:\/\/mini.eastday.com\/mobile\/191204135629528.html",
				"thumbnail_pic_s": "http:\/\/02imgmini.eastday.com\/mobile\/20191204\/20191204140217_22b307808f0f2d086d617656e31e809b_1_mwpm_03200403.jpg"
			}, {
				"uniquekey": "682bd8baca4277aa16d49cc567fb2e7d",
				"title": "讲武谈兵｜第五代空空导弹新发展：更小、更远、更精准",
				"date": "2019-12-04 13:00",
				"category": "军事",
				"author_name": "澎湃新闻网",
				"url": "http:\/\/mini.eastday.com\/mobile\/191204130008908.html",
				"thumbnail_pic_s": "http:\/\/03imgmini.eastday.com\/mobile\/20191204\/20191204130008_d57b1f73bb11f0744121055f862713b4_1_mwpm_03200403.jpg",
				"thumbnail_pic_s02": "http:\/\/03imgmini.eastday.com\/mobile\/20191204\/20191204130008_d57b1f73bb11f0744121055f862713b4_4_mwpm_03200403.jpg",
				"thumbnail_pic_s03": "http:\/\/03imgmini.eastday.com\/mobile\/20191204\/20191204130008_d57b1f73bb11f0744121055f862713b4_3_mwpm_03200403.jpg"
			}, {
				"uniquekey": "7515ee8eee0d32462ccacfe8ddc50900",
				"title": "军人在战场上的“神器”，枪炮噪音全隔离，相当于换了一个耳朵",
				"date": "2019-12-04 12:27",
				"category": "军事",
				"author_name": "东方头条 谷火平",
				"url": "http:\/\/mini.eastday.com\/mobile\/191204122742744.html",
				"thumbnail_pic_s": "http:\/\/07imgmini.eastday.com\/mobile\/20191204\/2019120412_1c2835a65769499fbfb4824cf24d570f_6120_mwpm_03200403.jpg",
				"thumbnail_pic_s02": "http:\/\/07imgmini.eastday.com\/mobile\/20191204\/2019120412_b4dab40dff23488399f761d4ec7226be_7624_mwpm_03200403.jpg",
				"thumbnail_pic_s03": "http:\/\/07imgmini.eastday.com\/mobile\/20191204\/2019120412_8b18d158554140009515db6cf3912a5c_7026_mwpm_03200403.jpg"
			}, {
				"uniquekey": "6721c17264ef234f9da5a4404ede14ac",
				"title": "二战“开挂间谍”，所有情报都靠“瞎编”，情商智商比007还高",
				"date": "2019-12-04 12:04",
				"category": "军事",
				"author_name": "东方头条 谷火平",
				"url": "http:\/\/mini.eastday.com\/mobile\/191204120405090.html",
				"thumbnail_pic_s": "http:\/\/06imgmini.eastday.com\/mobile\/20191204\/2019120411_83fdb894b7b14f6eb8a8cd05f1133cdb_6554_mwpm_03200403.jpg",
				"thumbnail_pic_s02": "http:\/\/06imgmini.eastday.com\/mobile\/20191204\/2019120411_18167349bf7244c3a4ed49fc8dc34fa8_3702_mwpm_03200403.jpg"
			}, {
				"uniquekey": "f3217c3cf1606c14c46453f5086ec9fc",
				"title": "反击倒计时，中东反美大国发力，要求白宫赔偿损失！",
				"date": "2019-12-04 11:51",
				"category": "军事",
				"author_name": "东方头条 科技八一扒",
				"url": "http:\/\/mini.eastday.com\/mobile\/191204115143210.html",
				"thumbnail_pic_s": "http:\/\/09imgmini.eastday.com\/mobile\/20191204\/2019120411_c3658c70cc9e40ce87e6a5af7b7c5aaf_8346_cover_mwpm_03200403.jpg",
				"thumbnail_pic_s02": "http:\/\/09imgmini.eastday.com\/mobile\/20191204\/2019120411_2c6e5a70f122438a913e07dae624b607_6597_cover_mwpm_03200403.jpg",
				"thumbnail_pic_s03": "http:\/\/09imgmini.eastday.com\/mobile\/20191204\/2019120411_edcecb61f5f8486caf90402126d903af_2589_cover_mwpm_03200403.jpg"
			}, {
				"uniquekey": "e6590ffac1695d0f5f8f139248e61b57",
				"title": "免费送航母？印度惊喜，俄罗斯：要收点改造费，前前后后23.5",
				"date": "2019-12-04 11:20",
				"category": "军事",
				"author_name": "东方头条 兵说",
				"url": "http:\/\/mini.eastday.com\/mobile\/191204112056360.html",
				"thumbnail_pic_s": "http:\/\/04imgmini.eastday.com\/mobile\/20191204\/2019120414_cee36998ef1944019c9ff4f261dc6089_5757_mwpm_03200403.jpg",
				"thumbnail_pic_s02": "http:\/\/04imgmini.eastday.com\/mobile\/20191204\/2019120414_039a4c2e6a204eab8526725fcfdb5dd4_6057_mwpm_03200403.jpg",
				"thumbnail_pic_s03": "http:\/\/04imgmini.eastday.com\/mobile\/20191204\/2019120414_2c3c3d83b4d747399c11033aa2010d54_6043_mwpm_03200403.jpg"
			}, {
				"uniquekey": "aa344456f31520314a92fa051b3a8e9a",
				"title": "当美国的朋友太难了：巴基斯坦流血又流泪 印度反而大赚一笔",
				"date": "2019-12-04 11:19",
				"category": "军事",
				"author_name": "东方头条 利刃军事",
				"url": "http:\/\/mini.eastday.com\/mobile\/191204111959798.html",
				"thumbnail_pic_s": "http:\/\/02imgmini.eastday.com\/mobile\/20191204\/2019120411_c8e0418831d04825ac30a83c8e9b4f91_9423_mwpm_03200403.jpg",
				"thumbnail_pic_s02": "http:\/\/02imgmini.eastday.com\/mobile\/20191204\/2019120411_cd59a5c17d4c43cc804f734bc1630a18_8785_mwpm_03200403.jpg",
				"thumbnail_pic_s03": "http:\/\/02imgmini.eastday.com\/mobile\/20191204\/2019120411_1190533ea5f34272a82bc00bd59eda26_4390_mwpm_03200403.jpg"
			}, {
				"uniquekey": "044ee93b6003cdea063e1f35f9d80561",
				"title": "向“绝望”要战斗力",
				"date": "2019-12-04 10:57",
				"category": "军事",
				"author_name": "人民网",
				"url": "http:\/\/mini.eastday.com\/mobile\/191204105703336.html",
				"thumbnail_pic_s": "http:\/\/03imgmini.eastday.com\/mobile\/20191204\/20191204105703_50fcb160cddc7e902ee2953094569538_1_mwpm_03200403.jpg"
			}, {
				"uniquekey": "61181e48c7e379700b88bbdd8ec38dd2",
				"title": "土耳其购俄S400导弹 特朗普“推锅”给了奥巴马",
				"date": "2019-12-04 10:57",
				"category": "军事",
				"author_name": "人民网",
				"url": "http:\/\/mini.eastday.com\/mobile\/191204105703088.html",
				"thumbnail_pic_s": "http:\/\/07imgmini.eastday.com\/mobile\/20191204\/20191204105703_2e8edc228787c4cdca3453e70a323539_1_mwpm_03200403.jpg"
			}, {
				"uniquekey": "42225771122977f3978339651ec8e617",
				"title": "这个连史解说员有股“拼刺刀”的劲儿",
				"date": "2019-12-04 10:56",
				"category": "军事",
				"author_name": "中国新闻网",
				"url": "http:\/\/mini.eastday.com\/mobile\/191204105610902.html",
				"thumbnail_pic_s": "http:\/\/09imgmini.eastday.com\/mobile\/20191204\/20191204110600_a1949d60fe4a6ca23360c4e44900db98_1_mwpm_03200403.jpg"
			}, {
				"uniquekey": "f6f378dc1cbf6edbde500ba4d44d511e",
				"title": "老兵告别风雪边关",
				"date": "2019-12-04 10:52",
				"category": "军事",
				"author_name": "法制网",
				"url": "http:\/\/mini.eastday.com\/mobile\/191204105237906.html",
				"thumbnail_pic_s": "http:\/\/01imgmini.eastday.com\/mobile\/20191204\/20191204105237_9fbaad092d1cad2a9546e2e7f02c1889_1_mwpm_03200403.jpg"
			}, {
				"uniquekey": "c815a81482c3809273270439f4c1a48a",
				"title": "以考促训，锤炼应急快反能力",
				"date": "2019-12-04 10:52",
				"category": "军事",
				"author_name": "法制网",
				"url": "http:\/\/mini.eastday.com\/mobile\/191204105234976.html",
				"thumbnail_pic_s": "http:\/\/07imgmini.eastday.com\/mobile\/20191204\/20191204105234_8bb8b79f9f16660aa1ac759dac3063f5_1_mwpm_03200403.jpg"
			}, {
				"uniquekey": "fcf3c30a42f09163885c5fad0d4d3516",
				"title": "怒砸222亿，美国海军大幅扩建！再购买9艘“弗吉尼亚”核潜艇",
				"date": "2019-12-04 10:49",
				"category": "军事",
				"author_name": "东方头条 谷火平",
				"url": "http:\/\/mini.eastday.com\/mobile\/191204104955858.html",
				"thumbnail_pic_s": "http:\/\/05imgmini.eastday.com\/mobile\/20191204\/2019120410_622d4d0e0bfa4fb688faada016eea0d6_9728_cover_mwpm_03200403.jpg",
				"thumbnail_pic_s02": "http:\/\/05imgmini.eastday.com\/mobile\/20191204\/2019120410_b8ea223c12c14a2db70fe8ad49bc2a7b_3615_cover_mwpm_03200403.jpg",
				"thumbnail_pic_s03": "http:\/\/05imgmini.eastday.com\/mobile\/20191204\/2019120410_151711ff4e6f456585c080e1303eccc9_8240_cover_mwpm_03200403.jpg"
			}, {
				"uniquekey": "6658904543ad8fd2ca88c9f8537c07fc",
				"title": "战士烈焰中抢救火炮，全身烧伤80%，牺牲葬于海岸，遥望金门",
				"date": "2019-12-04 10:45",
				"category": "军事",
				"author_name": "东方头条 兵说",
				"url": "http:\/\/mini.eastday.com\/mobile\/191204104513034.html",
				"thumbnail_pic_s": "http:\/\/08imgmini.eastday.com\/mobile\/20191204\/2019120413_eeaf23b397944df7a00b605230ae1206_6298_cover_mwpm_03200403.jpg",
				"thumbnail_pic_s02": "http:\/\/08imgmini.eastday.com\/mobile\/20191204\/2019120413_a2ae515e17a6455b8246c4519f973bbc_6154_cover_mwpm_03200403.jpg",
				"thumbnail_pic_s03": "http:\/\/08imgmini.eastday.com\/mobile\/20191204\/2019120413_4b5c53bea7d945a79bfed76a4db215d1_2996_cover_mwpm_03200403.jpg"
			}, {
				"uniquekey": "e795e2e38aaba9757bf25b30d1c7ecd7",
				"title": "率军硬顶日军精锐甲种师团，此人一顿重炮打得土肥原军刀都吓丢了",
				"date": "2019-12-04 10:41",
				"category": "军事",
				"author_name": "东方头条 战争史",
				"url": "http:\/\/mini.eastday.com\/mobile\/191204104121778.html",
				"thumbnail_pic_s": "http:\/\/04imgmini.eastday.com\/mobile\/20191204\/2019120410_ff1766f438aa499eab238279754778d6_7253_cover_mwpm_03200403.jpg",
				"thumbnail_pic_s02": "http:\/\/04imgmini.eastday.com\/mobile\/20191204\/2019120410_d54cbb8f36334ca7b371a28f8c4a3283_9269_cover_mwpm_03200403.jpg",
				"thumbnail_pic_s03": "http:\/\/04imgmini.eastday.com\/mobile\/20191204\/2019120410_bcd9cd5fd5be49e089c8aeaed52b2870_9267_cover_mwpm_03200403.jpg"
			}
		]
	},
	"error_code": 0
}