{
	"reason": "成功的返回",
	"result": {
		"stat": "1",
		"data": [
			{
				"uniquekey": "a2e7db127e06f61053a19b847e584cf0",
				"title": "Redmi K30 5G版拥有4500mAh电池：标配30W快充头、1小时充满",
				"date": "2019-12-04 16:46",
				"category": "科技",
				"author_name": "快科技",
				"url": "http:\/\/mini.eastday.com\/mobile\/191204164647219.html",
				"thumbnail_pic_s": "http:\/\/00imgmini.eastday.com\/mobile\/20191204\/20191204164647_81b1164dfd582125c65d52aa8ef621fa_1_mwpm_03200403.jpg"
			}, {
				"uniquekey": "f76b70d0127fa65e3ccdc796a3b44b55",
				"title": "官宣！诺基亚CEO明年4月将卸任 前网络执行副总裁接任",
				"date": "2019-12-04 16:46",
				"category": "科技",
				"author_name": "C114通信网",
				"url": "http:\/\/mini.eastday.com\/mobile\/191204164622570.html",
				"thumbnail_pic_s": "http:\/\/02imgmini.eastday.com\/mobile\/20191204\/20191204164622_9409668e65663ef5975cd277f39b0141_1_mwpm_03200403.jpg"
			}, {
				"uniquekey": "47c9c854e5b0525a701cf7ad1036b1fc",
				"title": "5G世界 万物长着眼睛和耳朵的世界",
				"date": "2019-12-04 16:46",
				"category": "科技",
				"author_name": "埃尔法哥哥",
				"url": "http:\/\/mini.eastday.com\/mobile\/191204164620244.html",
				"thumbnail_pic_s": "http:\/\/08imgmini.eastday.com\/mobile\/20191204\/20191204164620_9708b9abaecfb34132f230b0fc3d7774_3_mwpm_03200403.jpg",
				"thumbnail_pic_s02": "http:\/\/08imgmini.eastday.com\/mobile\/20191204\/20191204164620_9708b9abaecfb34132f230b0fc3d7774_1_mwpm_03200403.jpg",
				"thumbnail_pic_s03": "http:\/\/08imgmini.eastday.com\/mobile\/20191204\/20191204164620_9708b9abaecfb34132f230b0fc3d7774_5_mwpm_03200403.jpg"
			}, {
				"uniquekey": "5cb767fa726a387b7ea15f36b9f5f977",
				"title": "盘点明年将要发布的苹果新品，不仅有5G，还有低价iPhone",
				"date": "2019-12-04 16:46",
				"category": "科技",
				"author_name": "专门网",
				"url": "http:\/\/mini.eastday.com\/mobile\/191204164617299.html",
				"thumbnail_pic_s": "http:\/\/04imgmini.eastday.com\/mobile\/20191204\/20191204164617_dbc030f89c7395bc32b8c1af353ceb99_5_mwpm_03200403.jpg",
				"thumbnail_pic_s02": "http:\/\/04imgmini.eastday.com\/mobile\/20191204\/20191204164617_dbc030f89c7395bc32b8c1af353ceb99_1_mwpm_03200403.jpg",
				"thumbnail_pic_s03": "http:\/\/04imgmini.eastday.com\/mobile\/20191204\/20191204164617_dbc030f89c7395bc32b8c1af353ceb99_2_mwpm_03200403.jpg"
			}, {
				"uniquekey": "303e76dedef74b8f3fc2d713332d1ba7",
				"title": "品牌监测：大数据探究xiaomi\/小米如何精准定位智能平板电视市场",
				"date": "2019-12-04 16:45",
				"category": "科技",
				"author_name": "科技小数据",
				"url": "http:\/\/mini.eastday.com\/mobile\/191204164553260.html",
				"thumbnail_pic_s": "http:\/\/06imgmini.eastday.com\/mobile\/20191204\/20191204164553_58b62f6ae8dfb1fd5d0480dffa8927d3_2_mwpm_03200403.jpg",
				"thumbnail_pic_s02": "http:\/\/06imgmini.eastday.com\/mobile\/20191204\/20191204164553_58b62f6ae8dfb1fd5d0480dffa8927d3_4_mwpm_03200403.jpg",
				"thumbnail_pic_s03": "http:\/\/06imgmini.eastday.com\/mobile\/20191204\/20191204164553_58b62f6ae8dfb1fd5d0480dffa8927d3_5_mwpm_03200403.jpg"
			}, {
				"uniquekey": "cd9bcdbae8f08e035df457c7fd7288f1",
				"title": "周鸿祎出任中国网络空间安全协会副理事长",
				"date": "2019-12-04 16:41",
				"category": "科技",
				"author_name": "中国网",
				"url": "http:\/\/mini.eastday.com\/mobile\/191204164139210.html",
				"thumbnail_pic_s": "http:\/\/03imgmini.eastday.com\/mobile\/20191204\/20191204164139_02c2dae52c991a444fdee9d4a1536376_1_mwpm_03200403.jpg"
			}, {
				"uniquekey": "b1ddd19f6d8336079db640b50578339d",
				"title": "现场体验：携号转网正式落地一周 三大运营商均实现顺畅转出",
				"date": "2019-12-04 16:41",
				"category": "科技",
				"author_name": "成都商报TMT发布",
				"url": "http:\/\/mini.eastday.com\/mobile\/191204164126220.html",
				"thumbnail_pic_s": "http:\/\/06imgmini.eastday.com\/mobile\/20191204\/20191204164126_103e4dbccef1233eb30b740de03d36f9_4_mwpm_03200403.jpg",
				"thumbnail_pic_s02": "http:\/\/06imgmini.eastday.com\/mobile\/20191204\/20191204164126_103e4dbccef1233eb30b740de03d36f9_1_mwpm_03200403.jpg",
				"thumbnail_pic_s03": "http:\/\/06imgmini.eastday.com\/mobile\/20191204\/20191204164126_103e4dbccef1233eb30b740de03d36f9_2_mwpm_03200403.jpg"
			}, {
				"uniquekey": "b065c2765191439443e8f5642290c4dc",
				"title": "人类何时才能将宇宙奥秘研究明白？难道宇宙只是沧海一粟？",
				"date": "2019-12-04 16:40",
				"category": "科技",
				"author_name": "科技毅先生",
				"url": "http:\/\/mini.eastday.com\/mobile\/191204164030128.html",
				"thumbnail_pic_s": "http:\/\/00imgmini.eastday.com\/mobile\/20191204\/2019120416_a5aa95ddcb0f4321aca56cb8737172b5_0220_wmk_mwpm_03200403.jpg",
				"thumbnail_pic_s02": "http:\/\/00imgmini.eastday.com\/mobile\/20191204\/2019120416_0ac6934ceaa743bf9437f494f37bcccd_6009_wmk_mwpm_03200403.jpg",
				"thumbnail_pic_s03": "http:\/\/00imgmini.eastday.com\/mobile\/20191204\/2019120416_bdf408cec1b84ecaa213acfc3d2720bf_5426_wmk_mwpm_03200403.jpg"
			}, {
				"uniquekey": "03b5bccf0422d69f86c4ac3ad678200f",
				"title": "宇宙里让人细思极恐的秘密：我们至今无法知道，却不得不面对",
				"date": "2019-12-04 16:39",
				"category": "科技",
				"author_name": "世界新奇事",
				"url": "http:\/\/mini.eastday.com\/mobile\/191204163940398.html",
				"thumbnail_pic_s": "http:\/\/07imgmini.eastday.com\/mobile\/20191204\/20191204163940_b73bb33aaa1d9873898efe93e60f2792_4_mwpm_03200403.jpg",
				"thumbnail_pic_s02": "http:\/\/07imgmini.eastday.com\/mobile\/20191204\/20191204163940_b73bb33aaa1d9873898efe93e60f2792_1_mwpm_03200403.jpg",
				"thumbnail_pic_s03": "http:\/\/07imgmini.eastday.com\/mobile\/20191204\/20191204163940_b73bb33aaa1d9873898efe93e60f2792_7_mwpm_03200403.jpg"
			}, {
				"uniquekey": "9d9a55684d76a142fc014713a030b0fd",
				"title": "进化论中存在不可知的疑点，无法解释，你怎么看？",
				"date": "2019-12-04 16:39",
				"category": "科技",
				"author_name": "科技毅先生",
				"url": "http:\/\/mini.eastday.com\/mobile\/191204163915763.html",
				"thumbnail_pic_s": "http:\/\/09imgmini.eastday.com\/mobile\/20191204\/2019120416_35eb759f690e4ad3b03f7521e72c561b_5023_mwpm_03200403.jpg",
				"thumbnail_pic_s02": "http:\/\/09imgmini.eastday.com\/mobile\/20191204\/2019120416_950cc0025fb3457aa2dd3520773e35cb_4008_mwpm_03200403.jpg",
				"thumbnail_pic_s03": "http:\/\/09imgmini.eastday.com\/mobile\/20191204\/2019120416_c51fdd75a7ac4fa5b74ca02265882e48_1861_mwpm_03200403.jpg"
			}, {
				"uniquekey": "afe70ed50ba63d1341c91db6bd8c67a2",
				"title": "OPPO Reno Ace高达版入手体验，“最强IP定制”果然名副其实",
				"date": "2019-12-04 16:38",
				"category": "科技",
				"author_name": "ZAKER网",
				"url": "http:\/\/mini.eastday.com\/mobile\/191204163843416.html",
				"thumbnail_pic_s": "http:\/\/09imgmini.eastday.com\/mobile\/20191204\/20191204163843_40ab4b48f6c7e040cb736497daf10978_4_mwpm_03200403.jpg",
				"thumbnail_pic_s02": "http:\/\/09imgmini.eastday.com\/mobile\/20191204\/20191204163843_40ab4b48f6c7e040cb736497daf10978_9_mwpm_03200403.jpg",
				"thumbnail_pic_s03": "http:\/\/09imgmini.eastday.com\/mobile\/20191204\/20191204163843_40ab4b48f6c7e040cb736497daf10978_1_mwpm_03200403.jpg"
			}, {
				"uniquekey": "f8d8a19466b8fe19bca4b703649df5ff",
				"title": "聊聊大数据——大数据的存储",
				"date": "2019-12-04 16:37",
				"category": "科技",
				"author_name": "程序猿的秃头",
				"url": "http:\/\/mini.eastday.com\/mobile\/191204163739120.html",
				"thumbnail_pic_s": "http:\/\/09imgmini.eastday.com\/mobile\/20191204\/20191204163739_4f1f8a5d3b61ba8ef3919587c3587563_2_mwpm_03200403.jpg",
				"thumbnail_pic_s02": "http:\/\/09imgmini.eastday.com\/mobile\/20191204\/20191204163739_4f1f8a5d3b61ba8ef3919587c3587563_3_mwpm_03200403.jpg",
				"thumbnail_pic_s03": "http:\/\/09imgmini.eastday.com\/mobile\/20191204\/20191204163739_4f1f8a5d3b61ba8ef3919587c3587563_1_mwpm_03200403.jpg"
			}, {
				"uniquekey": "674c1fd7d0b10f527b45dfc19fc2a03b",
				"title": "Surface Laptop 3 正式上市，微软 PC 阵容进一步壮大",
				"date": "2019-12-04 16:37",
				"category": "科技",
				"author_name": "ZAKER网",
				"url": "http:\/\/mini.eastday.com\/mobile\/191204163723367.html",
				"thumbnail_pic_s": "http:\/\/03imgmini.eastday.com\/mobile\/20191204\/20191204163723_3ec42148264ea1f7d9c1e00b6ac2436f_8_mwpm_03200403.jpg",
				"thumbnail_pic_s02": "http:\/\/03imgmini.eastday.com\/mobile\/20191204\/20191204163723_3ec42148264ea1f7d9c1e00b6ac2436f_9_mwpm_03200403.jpg",
				"thumbnail_pic_s03": "http:\/\/03imgmini.eastday.com\/mobile\/20191204\/20191204163723_3ec42148264ea1f7d9c1e00b6ac2436f_10_mwpm_03200403.jpg"
			}, {
				"uniquekey": "f3639f59c34fb5d42eb8e2ed4aa9b4b1",
				"title": "鹰重生的传说，是确有其事，还是伪科学？",
				"date": "2019-12-04 16:35",
				"category": "科技",
				"author_name": "晚间阅科学",
				"url": "http:\/\/mini.eastday.com\/mobile\/191204163537240.html",
				"thumbnail_pic_s": "http:\/\/01imgmini.eastday.com\/mobile\/20191204\/2019120416_fc869330e26c4e83bd9131f5f24022eb_1516_mwpm_03200403.jpg",
				"thumbnail_pic_s02": "http:\/\/01imgmini.eastday.com\/mobile\/20191204\/2019120416_b95adda84cd04097915e00ec9fbf0875_4992_mwpm_03200403.jpg",
				"thumbnail_pic_s03": "http:\/\/01imgmini.eastday.com\/mobile\/20191204\/2019120416_8dbba28bb7514c25991ca717e6184de1_1044_mwpm_03200403.jpg"
			}, {
				"uniquekey": "500e01dfb641a35b41c17c7d423eec5d",
				"title": "12月这三款iPhone最好不要入手，信号弱续航差其中一款还要涨价",
				"date": "2019-12-04 16:35",
				"category": "科技",
				"author_name": "qinkeon科技资讯视频",
				"url": "http:\/\/mini.eastday.com\/mobile\/191204163505507.html",
				"thumbnail_pic_s": "http:\/\/00imgmini.eastday.com\/mobile\/20191204\/20191204163505_8678d45747f48a3238938d66f7b53b38_5_mwpm_03200403.jpg",
				"thumbnail_pic_s02": "http:\/\/00imgmini.eastday.com\/mobile\/20191204\/20191204163505_8678d45747f48a3238938d66f7b53b38_3_mwpm_03200403.jpg",
				"thumbnail_pic_s03": "http:\/\/00imgmini.eastday.com\/mobile\/20191204\/20191204163505_8678d45747f48a3238938d66f7b53b38_4_mwpm_03200403.jpg"
			}, {
				"uniquekey": "07572f139b7b10b35c415a08b67a408c",
				"title": "网络安全：三大创新型技术来推动",
				"date": "2019-12-04 16:34",
				"category": "科技",
				"author_name": "纳讯网络",
				"url": "http:\/\/mini.eastday.com\/mobile\/191204163454194.html",
				"thumbnail_pic_s": "http:\/\/01imgmini.eastday.com\/mobile\/20191204\/20191204163454_b62db4e08b1fa2a63ce3a2cc274472eb_1_mwpm_03200403.jpg",
				"thumbnail_pic_s02": "http:\/\/01imgmini.eastday.com\/mobile\/20191204\/20191204163454_b62db4e08b1fa2a63ce3a2cc274472eb_5_mwpm_03200403.jpg",
				"thumbnail_pic_s03": "http:\/\/01imgmini.eastday.com\/mobile\/20191204\/20191204163454_b62db4e08b1fa2a63ce3a2cc274472eb_3_mwpm_03200403.jpg"
			}, {
				"uniquekey": "c66b4133af5a9cf4c1d5cb7a86b7508b",
				"title": "创新工场合伙人张丽君：教育行业的新流量池在哪里？",
				"date": "2019-12-04 16:34",
				"category": "科技",
				"author_name": "ZAKER网",
				"url": "http:\/\/mini.eastday.com\/mobile\/191204163414970.html",
				"thumbnail_pic_s": "http:\/\/03imgmini.eastday.com\/mobile\/20191204\/20191204163414_91f44ad90a7b307b70cde55170bd1bc7_1_mwpm_03200403.jpg"
			}, {
				"uniquekey": "95c11ab261762798aa84543344499745",
				"title": "华为 nova6 发布会倒计时一天 五摄加持 拍照升级",
				"date": "2019-12-04 16:33",
				"category": "科技",
				"author_name": "ZAKER网",
				"url": "http:\/\/mini.eastday.com\/mobile\/191204163359968.html",
				"thumbnail_pic_s": "http:\/\/03imgmini.eastday.com\/mobile\/20191204\/20191204163359_d22e43105e188c2f856b7c4f1cf7ca5e_2_mwpm_03200403.jpg",
				"thumbnail_pic_s02": "http:\/\/03imgmini.eastday.com\/mobile\/20191204\/20191204163359_d22e43105e188c2f856b7c4f1cf7ca5e_1_mwpm_03200403.jpg"
			}, {
				"uniquekey": "24c18d0237de4f27a877d3db92a9d7d6",
				"title": "手机型号太多挑花眼？霸榜媒体年度推荐的Reno Ace值得考虑",
				"date": "2019-12-04 16:33",
				"category": "科技",
				"author_name": "ZAKER网",
				"url": "http:\/\/mini.eastday.com\/mobile\/191204163358308.html",
				"thumbnail_pic_s": "http:\/\/06imgmini.eastday.com\/mobile\/20191204\/20191204163358_a3b84fb2684448228b14989778ee194b_6_mwpm_03200403.jpg",
				"thumbnail_pic_s02": "http:\/\/06imgmini.eastday.com\/mobile\/20191204\/20191204163358_a3b84fb2684448228b14989778ee194b_7_mwpm_03200403.jpg",
				"thumbnail_pic_s03": "http:\/\/06imgmini.eastday.com\/mobile\/20191204\/20191204163358_a3b84fb2684448228b14989778ee194b_5_mwpm_03200403.jpg"
			}, {
				"uniquekey": "20cc9740ee6230aa514c45b7c7dc7f0c",
				"title": "苹果手机千万别乱买，这3款iPhone暂时别入手，就算降价也要忍住",
				"date": "2019-12-04 16:32",
				"category": "科技",
				"author_name": "ZAKER网",
				"url": "http:\/\/mini.eastday.com\/mobile\/191204163244365.html",
				"thumbnail_pic_s": "http:\/\/05imgmini.eastday.com\/mobile\/20191204\/20191204163244_a0b2a06c42cd914d0bce57b8cb519dd0_2_mwpm_03200403.jpg",
				"thumbnail_pic_s02": "http:\/\/05imgmini.eastday.com\/mobile\/20191204\/20191204163244_a0b2a06c42cd914d0bce57b8cb519dd0_3_mwpm_03200403.jpg",
				"thumbnail_pic_s03": "http:\/\/05imgmini.eastday.com\/mobile\/20191204\/20191204163244_a0b2a06c42cd914d0bce57b8cb519dd0_1_mwpm_03200403.jpg"
			}, {
				"uniquekey": "19c8eb2c70d5be67c1b891b2930ab5f8",
				"title": "40亿年分毫不差！谁把月背固定朝着地球的？还有一种解释更可怕",
				"date": "2019-12-04 16:32",
				"category": "科技",
				"author_name": "晚间阅科学",
				"url": "http:\/\/mini.eastday.com\/mobile\/191204163238328.html",
				"thumbnail_pic_s": "http:\/\/03imgmini.eastday.com\/mobile\/20191204\/2019120416_7558b870b62f4766b562f10dcee4b525_9698_mwpm_03200403.jpg",
				"thumbnail_pic_s02": "http:\/\/03imgmini.eastday.com\/mobile\/20191204\/2019120416_4d59e71a7c9c407facdbcfafe713d41a_0527_mwpm_03200403.jpg",
				"thumbnail_pic_s03": "http:\/\/03imgmini.eastday.com\/mobile\/20191204\/2019120416_2263f1faa9cc4b989bd9883367be918b_2435_mwpm_03200403.jpg"
			}, {
				"uniquekey": "7d1ca98dbc305c148288ce173a33d237",
				"title": "区块链不是发币炒币 它实际的作用比你想象的要大 0",
				"date": "2019-12-04 16:28",
				"category": "科技",
				"author_name": "宁夏新闻网",
				"url": "http:\/\/mini.eastday.com\/mobile\/191204162824552.html",
				"thumbnail_pic_s": "http:\/\/05imgmini.eastday.com\/mobile\/20191204\/20191204162824_d36d5868151ad84138ca2b664986fc68_1_mwpm_03200403.jpg"
			}, {
				"uniquekey": "ed6c52f2a1b1cc190d4f3130559630e2",
				"title": "开启科技强国 助力智慧城市",
				"date": "2019-12-04 16:27",
				"category": "科技",
				"author_name": "中国银行甘肃省分行",
				"url": "http:\/\/mini.eastday.com\/mobile\/191204162708811.html",
				"thumbnail_pic_s": "http:\/\/02imgmini.eastday.com\/mobile\/20191204\/20191204162708_db5327ab9c196d975a6346a063730bac_1_mwpm_03200403.jpg"
			}, {
				"uniquekey": "bc146321d96881e0e303bda249d869e1",
				"title": "高通年度技术高峰会 揭2020年实现5G跃升主流蓝图",
				"date": "2019-12-04 16:26",
				"category": "科技",
				"author_name": "摩尔芯闻",
				"url": "http:\/\/mini.eastday.com\/mobile\/191204162656032.html",
				"thumbnail_pic_s": "http:\/\/00imgmini.eastday.com\/mobile\/20191204\/20191204162656_1e520dd39167eff563d3860e8f4285be_1_mwpm_03200403.jpg"
			}, {
				"uniquekey": "1a4ebae93ca64a0a0de0aafa22cd168a",
				"title": "这就是我，一个基站的自白",
				"date": "2019-12-04 16:26",
				"category": "科技",
				"author_name": "医学科技前沿TB",
				"url": "http:\/\/mini.eastday.com\/mobile\/191204162617368.html",
				"thumbnail_pic_s": "http:\/\/03imgmini.eastday.com\/mobile\/20191204\/20191204162617_92042c1401d5e45ba0b4796272565820_4_mwpm_03200403.jpg",
				"thumbnail_pic_s02": "http:\/\/03imgmini.eastday.com\/mobile\/20191204\/20191204162617_92042c1401d5e45ba0b4796272565820_13_mwpm_03200403.jpg",
				"thumbnail_pic_s03": "http:\/\/03imgmini.eastday.com\/mobile\/20191204\/20191204162617_92042c1401d5e45ba0b4796272565820_10_mwpm_03200403.jpg"
			}, {
				"uniquekey": "b7183b0e20976a0140ec48030ce60b23",
				"title": "育才少年参加山东省机器人大赛喜获佳绩",
				"date": "2019-12-04 16:25",
				"category": "科技",
				"author_name": "冷门体育知识",
				"url": "http:\/\/mini.eastday.com\/mobile\/191204162516951.html",
				"thumbnail_pic_s": "http:\/\/02imgmini.eastday.com\/mobile\/20191204\/20191204162516_87d2e9a5cf1e1859a3276e0066d9d543_4_mwpm_03200403.jpg",
				"thumbnail_pic_s02": "http:\/\/02imgmini.eastday.com\/mobile\/20191204\/20191204162516_87d2e9a5cf1e1859a3276e0066d9d543_6_mwpm_03200403.jpg",
				"thumbnail_pic_s03": "http:\/\/02imgmini.eastday.com\/mobile\/20191204\/20191204162516_87d2e9a5cf1e1859a3276e0066d9d543_3_mwpm_03200403.jpg"
			}, {
				"uniquekey": "e6a56ba1037ef0258705f88f65877a7a",
				"title": "不知道如何拒绝加班？\"多屏协同\"用实际操作告诉你",
				"date": "2019-12-04 16:24",
				"category": "科技",
				"author_name": "科技热点",
				"url": "http:\/\/mini.eastday.com\/mobile\/191204162455001.html",
				"thumbnail_pic_s": "http:\/\/00imgmini.eastday.com\/mobile\/20191204\/20191204162455_2592860249142e31d39b5d4054de7313_1_mwpm_03200403.jpg",
				"thumbnail_pic_s02": "http:\/\/00imgmini.eastday.com\/mobile\/20191204\/20191204162455_2592860249142e31d39b5d4054de7313_5_mwpm_03200403.jpg",
				"thumbnail_pic_s03": "http:\/\/00imgmini.eastday.com\/mobile\/20191204\/20191204162455_2592860249142e31d39b5d4054de7313_2_mwpm_03200403.jpg"
			}, {
				"uniquekey": "22520fa51bc8e6517202d5dfb2b95146",
				"title": "旧手机直接扔了，还是有别的用途？",
				"date": "2019-12-04 16:24",
				"category": "科技",
				"author_name": "极客特派员",
				"url": "http:\/\/mini.eastday.com\/mobile\/191204162454260.html",
				"thumbnail_pic_s": "http:\/\/04imgmini.eastday.com\/mobile\/20191204\/20191204162454_7a4143baca73c3bcfa3562c134ee9803_3_mwpm_03200403.jpg",
				"thumbnail_pic_s02": "http:\/\/04imgmini.eastday.com\/mobile\/20191204\/20191204162454_7a4143baca73c3bcfa3562c134ee9803_2_mwpm_03200403.jpg",
				"thumbnail_pic_s03": "http:\/\/04imgmini.eastday.com\/mobile\/20191204\/20191204162454_7a4143baca73c3bcfa3562c134ee9803_5_mwpm_03200403.jpg"
			}, {
				"uniquekey": "552178c010084e99ee8e40cd3bb6be76",
				"title": "vivo巅峰之作：6400万四摄+挖孔双摄+双模5G芯片 这才是vivo手机",
				"date": "2019-12-04 16:24",
				"category": "科技",
				"author_name": "手机大魔王",
				"url": "http:\/\/mini.eastday.com\/mobile\/191204162444730.html",
				"thumbnail_pic_s": "http:\/\/03imgmini.eastday.com\/mobile\/20191204\/20191204162444_4feed38e09c7de1b773a61325e311079_6_mwpm_03200403.jpg",
				"thumbnail_pic_s02": "http:\/\/03imgmini.eastday.com\/mobile\/20191204\/20191204162444_4feed38e09c7de1b773a61325e311079_7_mwpm_03200403.jpg",
				"thumbnail_pic_s03": "http:\/\/03imgmini.eastday.com\/mobile\/20191204\/20191204162444_4feed38e09c7de1b773a61325e311079_1_mwpm_03200403.jpg"
			}, {
				"uniquekey": "6faa0df01306b148d69b50a81f4b4b3e",
				"title": "灵长类进化超乎人类想象，这只会说话的猩猩，能用英语无障碍交流",
				"date": "2019-12-04 16:24",
				"category": "科技",
				"author_name": "晚间阅科学",
				"url": "http:\/\/mini.eastday.com\/mobile\/191204162443320.html",
				"thumbnail_pic_s": "http:\/\/09imgmini.eastday.com\/mobile\/20191204\/2019120416_8ca6d71d29a0421a9e0850898eb58423_5741_mwpm_03200403.jpg",
				"thumbnail_pic_s02": "http:\/\/09imgmini.eastday.com\/mobile\/20191204\/2019120416_49746b5ad90c4df4b408e388c1d7632d_5830_mwpm_03200403.jpg",
				"thumbnail_pic_s03": "http:\/\/09imgmini.eastday.com\/mobile\/20191204\/2019120416_c07153bd5d214da988ec0f0423562be0_6547_mwpm_03200403.jpg"
			}
		]
	},
	"error_code": 0
}