{
	"reason": "成功的返回",
	"result": {
		"stat": "1",
		"data": [
			{
				"uniquekey": "48afe0c14d2b7afc6d38bf3ee3e49805",
				"title": "976件假冒“福特”汽车配件！线上线下同步售假，男子获刑七个月",
				"date": "2019-12-04 16:47",
				"category": "社会",
				"author_name": "上海看点",
				"url": "http:\/\/mini.eastday.com\/mobile\/191204164757171.html",
				"thumbnail_pic_s": "http:\/\/04imgmini.eastday.com\/mobile\/20191204\/20191204164757_f2c79c3468c1dfe96e7e689a215c1205_1_mwpm_03200403.jpg"
			}, {
				"uniquekey": "5443351aac72659fb63498540e23690a",
				"title": "广州番禺大道人行道突发路面塌陷，原因暂未查明",
				"date": "2019-12-04 16:47",
				"category": "社会",
				"author_name": "广州看点",
				"url": "http:\/\/mini.eastday.com\/mobile\/191204164740783.html",
				"thumbnail_pic_s": "http:\/\/05imgmini.eastday.com\/mobile\/20191204\/20191204164740_041652ea2d6c269400a3caac0dc87ded_1_mwpm_03200403.jpg"
			}, {
				"uniquekey": "2eb02199046116b8c4f9c9b53e3f140a",
				"title": "村主任发动村民捐款做法事？ 澄迈文儒镇镇委书记：如情况属实将立即制止",
				"date": "2019-12-04 16:47",
				"category": "社会",
				"author_name": "南海网",
				"url": "http:\/\/mini.eastday.com\/mobile\/191204164738440.html",
				"thumbnail_pic_s": "http:\/\/02imgmini.eastday.com\/mobile\/20191204\/20191204164738_2c7f812a3b3dcc79a0dd974cccfa0c3b_1_mwpm_03200403.jpg"
			}, {
				"uniquekey": "9f51c890407f30feefee6e2bfa09bd85",
				"title": "为过“车瘾”无证驾驶朋友的车 驾驶人与朋友双双被处罚",
				"date": "2019-12-04 16:46",
				"category": "社会",
				"author_name": "多彩贵州网",
				"url": "http:\/\/mini.eastday.com\/mobile\/191204164657981.html",
				"thumbnail_pic_s": "http:\/\/07imgmini.eastday.com\/mobile\/20191204\/20191204164657_2a3934c7f3ab531f54346e12c3a8e479_1_mwpm_03200403.jpg"
			}, {
				"uniquekey": "6a13ee03cbf57e377cfe254551262973",
				"title": "丽江玉龙雪山冰川公园索道将于本月20日-25日停运",
				"date": "2019-12-04 16:45",
				"category": "社会",
				"author_name": "云南网",
				"url": "http:\/\/mini.eastday.com\/mobile\/191204164544681.html",
				"thumbnail_pic_s": "http:\/\/03imgmini.eastday.com\/mobile\/20191204\/20191204164544_c21f013e00f32767d5839d7ba9cf1052_1_mwpm_03200403.jpg"
			}, {
				"uniquekey": "c41a475d3c4fe8f8a45ca33aab956cb1",
				"title": "记郑州市公安局交警支队六大队民警王映国：退伍不退色 转岗不转志",
				"date": "2019-12-04 16:45",
				"category": "社会",
				"author_name": "中国日报网",
				"url": "http:\/\/mini.eastday.com\/mobile\/191204164530506.html",
				"thumbnail_pic_s": "http:\/\/04imgmini.eastday.com\/mobile\/20191204\/20191204164530_619327fd779a8cd3517ffe7f56f95396_1_mwpm_03200403.jpg"
			}, {
				"uniquekey": "c3080757112aaf76913e71cddd7b46b1",
				"title": "四方派出所帮群众寻回遗失钱包",
				"date": "2019-12-04 16:45",
				"category": "社会",
				"author_name": "齐鲁壹点",
				"url": "http:\/\/mini.eastday.com\/mobile\/191204164516208.html",
				"thumbnail_pic_s": "http:\/\/07imgmini.eastday.com\/mobile\/20191204\/20191204164516_8ee826f6d468201bcdf68552da24fe69_1_mwpm_03200403.jpg"
			}, {
				"uniquekey": "0bd71050fa22930bfa6c82f57de82b05",
				"title": "“乔楚农场”故事流淌第十六届全国农交会",
				"date": "2019-12-04 16:45",
				"category": "社会",
				"author_name": "海外网",
				"url": "http:\/\/mini.eastday.com\/mobile\/191204164514084.html",
				"thumbnail_pic_s": "http:\/\/07imgmini.eastday.com\/mobile\/20191204\/20191204164514_4b3be0edf688b4be58701e369f9fd07e_1_mwpm_03200403.jpg"
			}, {
				"uniquekey": "96dee525737168b565dd45c9de621872",
				"title": "央美联合抖音发布学术报告9位央美校友加入“DOU艺计划”",
				"date": "2019-12-04 16:44",
				"category": "社会",
				"author_name": "扬子晚报网",
				"url": "http:\/\/mini.eastday.com\/mobile\/191204164439374.html",
				"thumbnail_pic_s": "http:\/\/09imgmini.eastday.com\/mobile\/20191204\/20191204164439_a7a051e644186d2749ca90f8e2d2b1b3_1_mwpm_03200403.jpg"
			}, {
				"uniquekey": "54ccd0e672d1c9671908f14e59c46995",
				"title": "省道凌晨发生交通事故 安徽舒城警方紧急救援",
				"date": "2019-12-04 16:44",
				"category": "社会",
				"author_name": "北青网",
				"url": "http:\/\/mini.eastday.com\/mobile\/191204164416790.html",
				"thumbnail_pic_s": "http:\/\/06imgmini.eastday.com\/mobile\/20191204\/20191204164416_106d6a0c9c8b7eb605d2e342cd115b78_1_mwpm_03200403.jpg"
			}, {
				"uniquekey": "e1d45ed9b5510011a282eed7235d81ac",
				"title": "抓获犯罪嫌疑人232名 黄冈开展“昆仑”行动严惩食药违法犯罪",
				"date": "2019-12-04 16:42",
				"category": "社会",
				"author_name": "楚天动向传媒",
				"url": "http:\/\/mini.eastday.com\/mobile\/191204164217187.html",
				"thumbnail_pic_s": "http:\/\/07imgmini.eastday.com\/mobile\/20191204\/2019120416_473e3fd7da094a77bdf4ab19c32aae47_8548_mwpm_03200403.jpg"
			}, {
				"uniquekey": "f1ae084b4c1a4c26e430ee38a941c1a6",
				"title": "相互转告！潍坊这些医院、药店的药品抽检不合格",
				"date": "2019-12-04 16:41",
				"category": "社会",
				"author_name": "鲁网潍坊频道",
				"url": "http:\/\/mini.eastday.com\/mobile\/191204164105889.html",
				"thumbnail_pic_s": "http:\/\/08imgmini.eastday.com\/mobile\/20191204\/20191204164105_868975cb3807ff979b8338e3ca022871_3_mwpm_03200403.jpg",
				"thumbnail_pic_s02": "http:\/\/08imgmini.eastday.com\/mobile\/20191204\/20191204164105_868975cb3807ff979b8338e3ca022871_4_mwpm_03200403.jpg",
				"thumbnail_pic_s03": "http:\/\/08imgmini.eastday.com\/mobile\/20191204\/20191204164105_868975cb3807ff979b8338e3ca022871_2_mwpm_03200403.jpg"
			}, {
				"uniquekey": "02646e2dcf1a25c8a964422e1b9033b0",
				"title": "小心！新型网络电信诈骗来袭 有人银行卡的钱已被转走",
				"date": "2019-12-04 16:41",
				"category": "社会",
				"author_name": "央视网",
				"url": "http:\/\/mini.eastday.com\/mobile\/191204164104576.html",
				"thumbnail_pic_s": "http:\/\/06imgmini.eastday.com\/mobile\/20191204\/20191204164104_93ecec62dfa8297f4d5f37cc1589e2cd_1_mwpm_03200403.jpg"
			}, {
				"uniquekey": "7547f67e4975717db2c859f292321fe3",
				"title": "旬阳男子精心呵护患病妻子 儿女聪明伶俐 靠养羊脱贫",
				"date": "2019-12-04 16:39",
				"category": "社会",
				"author_name": "西部网",
				"url": "http:\/\/mini.eastday.com\/mobile\/191204163915816.html",
				"thumbnail_pic_s": "http:\/\/00imgmini.eastday.com\/mobile\/20191204\/20191204163915_279393a3a93631eb45c9a91b88d5066d_9_mwpm_03200403.jpg",
				"thumbnail_pic_s02": "http:\/\/00imgmini.eastday.com\/mobile\/20191204\/20191204163915_279393a3a93631eb45c9a91b88d5066d_7_mwpm_03200403.jpg",
				"thumbnail_pic_s03": "http:\/\/00imgmini.eastday.com\/mobile\/20191204\/20191204163915_279393a3a93631eb45c9a91b88d5066d_1_mwpm_03200403.jpg"
			}, {
				"uniquekey": "10d9e31226638a49925cd8e8c674c79f",
				"title": "合肥好乐悠食品公司生产的一款水果沙拉蛋糕不合格",
				"date": "2019-12-04 16:38",
				"category": "社会",
				"author_name": "安徽网",
				"url": "http:\/\/mini.eastday.com\/mobile\/191204163833084.html",
				"thumbnail_pic_s": "http:\/\/09imgmini.eastday.com\/mobile\/20191204\/20191204163833_53bdc5a52d8fce9fdb1d2a541dcce218_1_mwpm_03200403.jpg"
			}, {
				"uniquekey": "4178c5184b8d66cd5c274551b7bea438",
				"title": "广西女子涉诈骗遭羁押368天后警方撤案，获赔偿12万余元",
				"date": "2019-12-04 16:37",
				"category": "社会",
				"author_name": "澎湃新闻网",
				"url": "http:\/\/mini.eastday.com\/mobile\/191204163736836.html",
				"thumbnail_pic_s": "http:\/\/08imgmini.eastday.com\/mobile\/20191204\/20191204163736_ff64cd90c5f48dabe55a70c4589c5cd5_2_mwpm_03200403.jpg",
				"thumbnail_pic_s02": "http:\/\/08imgmini.eastday.com\/mobile\/20191204\/20191204163736_ff64cd90c5f48dabe55a70c4589c5cd5_1_mwpm_03200403.jpg"
			}, {
				"uniquekey": "0c2725f11067f61566347807587028ca",
				"title": "湖北襄阳打掉一游戏外挂制售团伙 涉案1200余万元",
				"date": "2019-12-04 16:37",
				"category": "社会",
				"author_name": "中国新闻网",
				"url": "http:\/\/mini.eastday.com\/mobile\/191204163732241.html",
				"thumbnail_pic_s": "http:\/\/02imgmini.eastday.com\/mobile\/20191204\/20191204163732_5924afa989630c55fd9a56d3984a9267_1_mwpm_03200403.jpg"
			}, {
				"uniquekey": "76c87580d8eae1b994e1a419535ff648",
				"title": "受人欢迎的楼顶足球场，却因喧闹刺眼屡被投诉，能不能双赢？",
				"date": "2019-12-04 16:36",
				"category": "社会",
				"author_name": "解放网",
				"url": "http:\/\/mini.eastday.com\/mobile\/191204163628054.html",
				"thumbnail_pic_s": "http:\/\/02imgmini.eastday.com\/mobile\/20191204\/20191204163628_3da9034bce5055978254ef2d98212d3a_5_mwpm_03200403.jpg",
				"thumbnail_pic_s02": "http:\/\/02imgmini.eastday.com\/mobile\/20191204\/20191204163628_3da9034bce5055978254ef2d98212d3a_3_mwpm_03200403.jpg",
				"thumbnail_pic_s03": "http:\/\/02imgmini.eastday.com\/mobile\/20191204\/20191204163628_3da9034bce5055978254ef2d98212d3a_1_mwpm_03200403.jpg"
			}, {
				"uniquekey": "52c68c50929a6915771593ddf7980ae6",
				"title": "安徽六安一男子在朋友圈辱骂交警被拘留",
				"date": "2019-12-04 16:36",
				"category": "社会",
				"author_name": "北青网",
				"url": "http:\/\/mini.eastday.com\/mobile\/191204163611419.html",
				"thumbnail_pic_s": "http:\/\/05imgmini.eastday.com\/mobile\/20191204\/20191204163611_d71d568aa5a1127dff9d4dbd96239dfc_1_mwpm_03200403.jpg"
			}, {
				"uniquekey": "8d11dfc17e8bac5973e68e2340fcfaf9",
				"title": "致敬！九旬老人6年捐款百万 对自己却很“抠门”",
				"date": "2019-12-04 16:36",
				"category": "社会",
				"author_name": "北青网",
				"url": "http:\/\/mini.eastday.com\/mobile\/191204163609081.html",
				"thumbnail_pic_s": "http:\/\/03imgmini.eastday.com\/mobile\/20191204\/20191204163609_9b98b8bd12b9e65ef2f68b32d5df1091_1_mwpm_03200403.jpg",
				"thumbnail_pic_s02": "http:\/\/03imgmini.eastday.com\/mobile\/20191204\/20191204163609_9b98b8bd12b9e65ef2f68b32d5df1091_2_mwpm_03200403.jpg"
			}, {
				"uniquekey": "faacd6988bdd808dfe71c1ed2c2f2b09",
				"title": "生死23分钟 新密中医院胸痛中心成功救治一名心梗病患",
				"date": "2019-12-04 16:34",
				"category": "社会",
				"author_name": "郑报融媒",
				"url": "http:\/\/mini.eastday.com\/mobile\/191204163423962.html",
				"thumbnail_pic_s": "http:\/\/02imgmini.eastday.com\/mobile\/20191204\/20191204163423_889e30321b5db17d3f350bb1b869856b_4_mwpm_03200403.jpg",
				"thumbnail_pic_s02": "http:\/\/02imgmini.eastday.com\/mobile\/20191204\/20191204163423_889e30321b5db17d3f350bb1b869856b_3_mwpm_03200403.jpg",
				"thumbnail_pic_s03": "http:\/\/02imgmini.eastday.com\/mobile\/20191204\/20191204163423_889e30321b5db17d3f350bb1b869856b_1_mwpm_03200403.jpg"
			}, {
				"uniquekey": "d937d988c486b00056b56ad671a69abc",
				"title": "和爸爸分别军娃哭得稀里哗啦 带着哭腔答应“听妈妈话”",
				"date": "2019-12-04 16:33",
				"category": "社会",
				"author_name": "北青网",
				"url": "http:\/\/mini.eastday.com\/mobile\/191204163342590.html",
				"thumbnail_pic_s": "http:\/\/00imgmini.eastday.com\/mobile\/20191204\/20191204163342_71ddc84dbca89e6b1f99eefa9b975c9b_4_mwpm_03200403.jpg",
				"thumbnail_pic_s02": "http:\/\/00imgmini.eastday.com\/mobile\/20191204\/20191204163342_71ddc84dbca89e6b1f99eefa9b975c9b_1_mwpm_03200403.jpg",
				"thumbnail_pic_s03": "http:\/\/00imgmini.eastday.com\/mobile\/20191204\/20191204163342_71ddc84dbca89e6b1f99eefa9b975c9b_3_mwpm_03200403.jpg"
			}, {
				"uniquekey": "2be6290e391da9637b206e46b52c6513",
				"title": "中途赶走代驾 自驾几步就被查：亳州一司机醉驾被抓",
				"date": "2019-12-04 16:33",
				"category": "社会",
				"author_name": "凌夏千度",
				"url": "http:\/\/mini.eastday.com\/mobile\/191204163337112.html",
				"thumbnail_pic_s": "http:\/\/06imgmini.eastday.com\/mobile\/20191204\/2019120416_c14c31263b5546f18a64db7439c74f6f_1222_mwpm_03200403.jpg"
			}, {
				"uniquekey": "ee4f63b3a95e6c9b64b76ef6b1a37c45",
				"title": "山东农民勇阻溺水悲剧 以真人实景还原险情",
				"date": "2019-12-04 16:29",
				"category": "社会",
				"author_name": "中国新闻网",
				"url": "http:\/\/mini.eastday.com\/mobile\/191204162907508.html",
				"thumbnail_pic_s": "http:\/\/07imgmini.eastday.com\/mobile\/20191204\/20191204162907_ee599e3cae646f8f7d502d43eb754e76_1_mwpm_03200403.jpg",
				"thumbnail_pic_s02": "http:\/\/07imgmini.eastday.com\/mobile\/20191204\/20191204162907_ee599e3cae646f8f7d502d43eb754e76_5_mwpm_03200403.jpg",
				"thumbnail_pic_s03": "http:\/\/07imgmini.eastday.com\/mobile\/20191204\/20191204162907_ee599e3cae646f8f7d502d43eb754e76_4_mwpm_03200403.jpg"
			}, {
				"uniquekey": "e065bd47e613f5c5fef2ffbe60e205c6",
				"title": "六六投诉中国电信存霸王条款 中国电信：已进行沟通并解决了问题",
				"date": "2019-12-04 16:28",
				"category": "社会",
				"author_name": "ZAKER网",
				"url": "http:\/\/mini.eastday.com\/mobile\/191204162820592.html",
				"thumbnail_pic_s": "http:\/\/01imgmini.eastday.com\/mobile\/20191204\/20191204163515_74074d6981bf3247a66e406c7839ae7b_1_mwpm_03200403.jpg"
			}, {
				"uniquekey": "606a4042c668185d3a5b30d495880dc8",
				"title": "全国首例！ 4人为争夺价值400万微信公众号打官司 法院这样判",
				"date": "2019-12-04 16:28",
				"category": "社会",
				"author_name": "东方网",
				"url": "http:\/\/mini.eastday.com\/mobile\/191204162805207.html",
				"thumbnail_pic_s": "http:\/\/00imgmini.eastday.com\/mobile\/20191204\/20191204162805_d9c332aeaa27f052a2f83eaf691c8900_1_mwpm_03200403.jpg"
			}, {
				"uniquekey": "aeae44891d32715977158fff84b26dd2",
				"title": "火锅店橱窗内老鼠啃食牛肉 市监局：已查封停业",
				"date": "2019-12-04 16:27",
				"category": "社会",
				"author_name": "中国经济网",
				"url": "http:\/\/mini.eastday.com\/mobile\/191204162721410.html",
				"thumbnail_pic_s": "http:\/\/02imgmini.eastday.com\/mobile\/20191204\/20191204162721_18f87e1f2024da22ec3673f1d63b3c1b_3_mwpm_03200403.jpg",
				"thumbnail_pic_s02": "http:\/\/02imgmini.eastday.com\/mobile\/20191204\/20191204162721_18f87e1f2024da22ec3673f1d63b3c1b_1_mwpm_03200403.jpg",
				"thumbnail_pic_s03": "http:\/\/02imgmini.eastday.com\/mobile\/20191204\/20191204162721_18f87e1f2024da22ec3673f1d63b3c1b_4_mwpm_03200403.jpg"
			}, {
				"uniquekey": "bb0361fcf4d125d041e75791665e575f",
				"title": "开车还玩手机 不但危险还扣分罚款",
				"date": "2019-12-04 16:27",
				"category": "社会",
				"author_name": "易车网",
				"url": "http:\/\/mini.eastday.com\/mobile\/191204162715453.html",
				"thumbnail_pic_s": "http:\/\/02imgmini.eastday.com\/mobile\/20191204\/20191204162715_6e816e001d2701e40ea89372c5e26bf4_1_mwpm_03200403.jpg"
			}, {
				"uniquekey": "b38f40c5150e683d363f94274c5266bd",
				"title": "蓬江区良化新村五米高大树枯萎倾斜 存安全隐患",
				"date": "2019-12-04 16:26",
				"category": "社会",
				"author_name": "江门台",
				"url": "http:\/\/mini.eastday.com\/mobile\/191204162616644.html",
				"thumbnail_pic_s": "http:\/\/07imgmini.eastday.com\/mobile\/20191204\/20191204162616_47e44c2f583f6ae51173e1a6fd2a7805_1_mwpm_03200403.jpg",
				"thumbnail_pic_s02": "http:\/\/07imgmini.eastday.com\/mobile\/20191204\/20191204162616_47e44c2f583f6ae51173e1a6fd2a7805_2_mwpm_03200403.jpg"
			}, {
				"uniquekey": "fe1b444f2ce6c83d2fbafa935698298f",
				"title": "福州一七旬老人家门外被刺身亡，嫌疑人逃跑时疑抱着孩子",
				"date": "2019-12-04 16:25",
				"category": "社会",
				"author_name": "福州看点",
				"url": "http:\/\/mini.eastday.com\/mobile\/191204162554439.html",
				"thumbnail_pic_s": "http:\/\/09imgmini.eastday.com\/mobile\/20191204\/20191204162554_0102330d754f185fd898cb0f04450e88_2_mwpm_03200403.jpg",
				"thumbnail_pic_s02": "http:\/\/09imgmini.eastday.com\/mobile\/20191204\/20191204162554_0102330d754f185fd898cb0f04450e88_4_mwpm_03200403.jpg",
				"thumbnail_pic_s03": "http:\/\/09imgmini.eastday.com\/mobile\/20191204\/20191204162554_0102330d754f185fd898cb0f04450e88_6_mwpm_03200403.jpg"
			}
		]
	},
	"error_code": 0
}