{
	"reason": "成功的返回",
	"result": {
		"stat": "1",
		"data": [
			{
				"uniquekey": "226155da2275b0e85223c708c71dae6d",
				"title": "巴黎vs南特前瞻：法甲班霸兵强马壮，有望狂屠对手？",
				"date": "2019-12-04 16:52",
				"category": "体育",
				"author_name": "博体体育",
				"url": "http:\/\/mini.eastday.com\/mobile\/191204165248015.html",
				"thumbnail_pic_s": "http:\/\/04imgmini.eastday.com\/mobile\/20191204\/20191204165248_0a167daaa6f388bb60e6a450e13ff65e_3_mwpm_03200403.jpg",
				"thumbnail_pic_s02": "http:\/\/04imgmini.eastday.com\/mobile\/20191204\/20191204165248_0a167daaa6f388bb60e6a450e13ff65e_2_mwpm_03200403.jpg",
				"thumbnail_pic_s03": "http:\/\/04imgmini.eastday.com\/mobile\/20191204\/20191204165248_0a167daaa6f388bb60e6a450e13ff65e_1_mwpm_03200403.jpg"
			}, {
				"uniquekey": "0bfe9340fdaaf748c9648a6ba7ac81c4",
				"title": "C罗遭范戴克嘲笑！这人霸气回应：做不到这三点就请闭嘴",
				"date": "2019-12-04 16:52",
				"category": "体育",
				"author_name": "高山看球",
				"url": "http:\/\/mini.eastday.com\/mobile\/191204165221949.html",
				"thumbnail_pic_s": "http:\/\/01imgmini.eastday.com\/mobile\/20191204\/2019120416_ca8590026d0e462a85bb46721d43ce8e_8358_mwpm_03200403.jpg",
				"thumbnail_pic_s02": "http:\/\/01imgmini.eastday.com\/mobile\/20191204\/2019120416_a7476f67558f40f08bf1c0312554e952_7901_mwpm_03200403.jpg",
				"thumbnail_pic_s03": "http:\/\/01imgmini.eastday.com\/mobile\/20191204\/2019120416_0dbe244b82f14837b6e351d3058e7693_8933_mwpm_03200403.jpg"
			}, {
				"uniquekey": "32480815cd4c1426daf62e5c91b2dee8",
				"title": "7分2板！霍华德成制胜奇兵，詹姆斯2次给他助攻，真成老大了",
				"date": "2019-12-04 16:51",
				"category": "体育",
				"author_name": "体坛就你秀",
				"url": "http:\/\/mini.eastday.com\/mobile\/191204165147330.html",
				"thumbnail_pic_s": "http:\/\/07imgmini.eastday.com\/mobile\/20191204\/2019120416_b4edaa74f9d341f68fb818bfc0510ca1_0352_mwpm_03200403.jpg",
				"thumbnail_pic_s02": "http:\/\/07imgmini.eastday.com\/mobile\/20191204\/2019120416_e2ee760bc6aa41adbc7d1e1efeadbeda_0585_mwpm_03200403.jpg",
				"thumbnail_pic_s03": "http:\/\/07imgmini.eastday.com\/mobile\/20191204\/2019120416_291239c146b94670a1cf49ee5ceecbbb_6744_mwpm_03200403.jpg"
			}, {
				"uniquekey": "49a9586ed094227081f96e9c0c0330b6",
				"title": "狂轰24+4，格里芬一人射翻骑士，汤普森尽力了，乐福怒批全队",
				"date": "2019-12-04 16:50",
				"category": "体育",
				"author_name": "巴叔GO",
				"url": "http:\/\/mini.eastday.com\/mobile\/191204165059047.html",
				"thumbnail_pic_s": "http:\/\/08imgmini.eastday.com\/mobile\/20191204\/2019120416_a5947056343242bd82089c631ccd685c_1427_mwpm_03200403.jpg",
				"thumbnail_pic_s02": "http:\/\/08imgmini.eastday.com\/mobile\/20191204\/2019120416_6a8892118268410ea94576558ced9164_0753_mwpm_03200403.jpg",
				"thumbnail_pic_s03": "http:\/\/08imgmini.eastday.com\/mobile\/20191204\/2019120416_43d2033c34d649629cabfd50f1703e67_9112_mwpm_03200403.jpg"
			}, {
				"uniquekey": "05c3b6d15917787d170328b73bfcd3f3",
				"title": "詹姆斯对位伦纳德谁更强？对比22场交手 你才知有人被高估",
				"date": "2019-12-04 16:50",
				"category": "体育",
				"author_name": "老邓侃球",
				"url": "http:\/\/mini.eastday.com\/mobile\/191204165038661.html",
				"thumbnail_pic_s": "http:\/\/07imgmini.eastday.com\/mobile\/20191204\/2019120416_467277cf699d497c82b2772686d06275_7863_mwpm_03200403.jpg",
				"thumbnail_pic_s02": "http:\/\/07imgmini.eastday.com\/mobile\/20191204\/2019120416_c5d2e84e867748ac8ebcafdcfaf01417_8497_mwpm_03200403.jpg",
				"thumbnail_pic_s03": "http:\/\/07imgmini.eastday.com\/mobile\/20191204\/2019120416_a422b16737eb4fd383255984c4e58bd4_8893_mwpm_03200403.jpg"
			}, {
				"uniquekey": "6f1c4d8bf2eb32a76250bbb936d976bd",
				"title": "50+16+10，湖人终极搏杀阵容出炉！库兹马、霍华德出局",
				"date": "2019-12-04 16:49",
				"category": "体育",
				"author_name": "1号球王",
				"url": "http:\/\/mini.eastday.com\/mobile\/191204164922169.html",
				"thumbnail_pic_s": "http:\/\/06imgmini.eastday.com\/mobile\/20191204\/20191204164922_315936e67db6fa98ce686c7964f6a54b_3_mwpm_03200403.jpg",
				"thumbnail_pic_s02": "http:\/\/06imgmini.eastday.com\/mobile\/20191204\/20191204164922_315936e67db6fa98ce686c7964f6a54b_5_mwpm_03200403.jpg",
				"thumbnail_pic_s03": "http:\/\/06imgmini.eastday.com\/mobile\/20191204\/20191204164922_315936e67db6fa98ce686c7964f6a54b_4_mwpm_03200403.jpg"
			}, {
				"uniquekey": "db36ebf4035015667ee82504ee86b8a5",
				"title": "11分钟砍8分6助！昔日詹皇克星未老 他曾让热火三巨头丢冠军",
				"date": "2019-12-04 16:49",
				"category": "体育",
				"author_name": "球娱天下",
				"url": "http:\/\/mini.eastday.com\/mobile\/191204164918118.html",
				"thumbnail_pic_s": "http:\/\/05imgmini.eastday.com\/mobile\/20191204\/2019120416_12ec04d4ed8f4dc892185d26d0daa62c_1852_mwpm_03200403.jpg",
				"thumbnail_pic_s02": "http:\/\/05imgmini.eastday.com\/mobile\/20191204\/2019120416_a19076d630404b53bb9deb984f9546c5_3927_mwpm_03200403.jpg",
				"thumbnail_pic_s03": "http:\/\/05imgmini.eastday.com\/mobile\/20191204\/2019120416_7962484e2c464ac5bd84436ecff5d8ca_3290_mwpm_03200403.jpg"
			}, {
				"uniquekey": "b7e625627d9018dd3a85c434197d62b3",
				"title": "全国仅4个，环翠轻户外运动小镇获评“年度优秀赛区”",
				"date": "2019-12-04 16:49",
				"category": "体育",
				"author_name": "齐鲁壹点",
				"url": "http:\/\/mini.eastday.com\/mobile\/191204164901886.html",
				"thumbnail_pic_s": "http:\/\/09imgmini.eastday.com\/mobile\/20191204\/20191204164901_ca3d832781119604491811d9139662fd_4_mwpm_03200403.jpg",
				"thumbnail_pic_s02": "http:\/\/09imgmini.eastday.com\/mobile\/20191204\/20191204164901_ca3d832781119604491811d9139662fd_1_mwpm_03200403.jpg",
				"thumbnail_pic_s03": "http:\/\/09imgmini.eastday.com\/mobile\/20191204\/20191204164901_ca3d832781119604491811d9139662fd_3_mwpm_03200403.jpg"
			}, {
				"uniquekey": "cdd99e004bec12e43ff6ef76567536e6",
				"title": "14中2！浓眉哥太狠了，放过约基奇吧，第一中锋连续被帽了2次",
				"date": "2019-12-04 16:48",
				"category": "体育",
				"author_name": "体坛就你秀",
				"url": "http:\/\/mini.eastday.com\/mobile\/191204164842710.html",
				"thumbnail_pic_s": "http:\/\/04imgmini.eastday.com\/mobile\/20191204\/2019120416_76c8ca1e1245499393f1e20c264d4418_5836_mwpm_03200403.jpg",
				"thumbnail_pic_s02": "http:\/\/04imgmini.eastday.com\/mobile\/20191204\/2019120416_52a36118967b4c4c8ad746c2ef5117ca_6059_mwpm_03200403.jpg",
				"thumbnail_pic_s03": "http:\/\/04imgmini.eastday.com\/mobile\/20191204\/2019120416_e7e90dc4ff4a415faae19155c388dbf7_5353_mwpm_03200403.jpg"
			}, {
				"uniquekey": "66a5fbd44e11507296fffdd02eb293a9",
				"title": "下一个梅西或诞生于此？未来19天，广东全省1500余名青少年在中山踢足球",
				"date": "2019-12-04 16:48",
				"category": "体育",
				"author_name": "冷门体育知识",
				"url": "http:\/\/mini.eastday.com\/mobile\/191204164833882.html",
				"thumbnail_pic_s": "http:\/\/04imgmini.eastday.com\/mobile\/20191204\/20191204164833_5704163f416a9d283fd2e6dfb1d885ac_2_mwpm_03200403.jpg",
				"thumbnail_pic_s02": "http:\/\/04imgmini.eastday.com\/mobile\/20191204\/20191204164833_5704163f416a9d283fd2e6dfb1d885ac_1_mwpm_03200403.jpg"
			}, {
				"uniquekey": "3dcaca22b1d6e44719f7d4bf74fbf599",
				"title": "最后5秒 詹姆斯罚球 掘金2万球迷倒戈高呼mvp 谁注意他这个举动 太暖心",
				"date": "2019-12-04 16:48",
				"category": "体育",
				"author_name": "第一篮球视角",
				"url": "http:\/\/mini.eastday.com\/mobile\/191204164832868.html",
				"thumbnail_pic_s": "http:\/\/07imgmini.eastday.com\/mobile\/20191204\/20191204164832_466c7b886dab4a3d8dbee8733e93f28c_2_mwpm_03200403.jpg",
				"thumbnail_pic_s02": "http:\/\/07imgmini.eastday.com\/mobile\/20191204\/20191204164832_466c7b886dab4a3d8dbee8733e93f28c_4_mwpm_03200403.jpg",
				"thumbnail_pic_s03": "http:\/\/07imgmini.eastday.com\/mobile\/20191204\/20191204164832_466c7b886dab4a3d8dbee8733e93f28c_1_mwpm_03200403.jpg"
			}, {
				"uniquekey": "df6b1cd81914f2d23a20048e73869914",
				"title": "“双标”有多严重？月最佳与场均罚球告诉你，詹皇真的被针对了！",
				"date": "2019-12-04 16:48",
				"category": "体育",
				"author_name": "咸谈体育那些事儿",
				"url": "http:\/\/mini.eastday.com\/mobile\/191204164825456.html",
				"thumbnail_pic_s": "http:\/\/02imgmini.eastday.com\/mobile\/20191204\/2019120416_608c835e213049589d170593c74a4c1e_4657_mwpm_03200403.jpg",
				"thumbnail_pic_s02": "http:\/\/02imgmini.eastday.com\/mobile\/20191204\/2019120416_3cffaa248edc43028349d834b93bf04b_4651_mwpm_03200403.jpg"
			}, {
				"uniquekey": "a648f7439bf68786827e1114a46ce59c",
				"title": "奥沙利文自曝受伤病困扰！称自己是中国养子，丁俊晖只想做好一点",
				"date": "2019-12-04 16:48",
				"category": "体育",
				"author_name": "体育路人甲",
				"url": "http:\/\/mini.eastday.com\/mobile\/191204164817644.html",
				"thumbnail_pic_s": "http:\/\/01imgmini.eastday.com\/mobile\/20191204\/20191204164817_b52ae28d2cf936b6c8d372450e28fe6f_2_mwpm_03200403.jpg",
				"thumbnail_pic_s02": "http:\/\/01imgmini.eastday.com\/mobile\/20191204\/20191204164817_b52ae28d2cf936b6c8d372450e28fe6f_1_mwpm_03200403.jpg",
				"thumbnail_pic_s03": "http:\/\/01imgmini.eastday.com\/mobile\/20191204\/20191204164817_b52ae28d2cf936b6c8d372450e28fe6f_3_mwpm_03200403.jpg"
			}, {
				"uniquekey": "362a62778bee404474e7132bbb758128",
				"title": "湖人要拿爵士开刀？詹皇提出要求，沃格尔公开诉苦，约基奇道歉了",
				"date": "2019-12-04 16:48",
				"category": "体育",
				"author_name": "第一篮球视角",
				"url": "http:\/\/mini.eastday.com\/mobile\/191204164816600.html",
				"thumbnail_pic_s": "http:\/\/02imgmini.eastday.com\/mobile\/20191204\/20191204164816_9359924fdc78435e7a55d677e4771bbe_5_mwpm_03200403.jpg",
				"thumbnail_pic_s02": "http:\/\/02imgmini.eastday.com\/mobile\/20191204\/20191204164816_9359924fdc78435e7a55d677e4771bbe_1_mwpm_03200403.jpg",
				"thumbnail_pic_s03": "http:\/\/02imgmini.eastday.com\/mobile\/20191204\/20191204164816_9359924fdc78435e7a55d677e4771bbe_2_mwpm_03200403.jpg"
			}, {
				"uniquekey": "796664b6228816f8390089eb4990c051",
				"title": "马竞后卫福萨里科伤缺三个月后已恢复训练，目前状况良好",
				"date": "2019-12-04 16:48",
				"category": "体育",
				"author_name": "虎扑足球TB",
				"url": "http:\/\/mini.eastday.com\/mobile\/191204164807950.html",
				"thumbnail_pic_s": "http:\/\/00imgmini.eastday.com\/mobile\/20191204\/20191204164807_e7292a02a43481cb03bfb8095164a7f7_1_mwpm_03200403.jpg"
			}, {
				"uniquekey": "47714d4d71fd342d3cc0fa5d6dce1e44",
				"title": "颂克拉辛发声明！2020赛季无缘中超，上港亚外艾哈去留再生变",
				"date": "2019-12-04 16:47",
				"category": "体育",
				"author_name": "虎搜体育",
				"url": "http:\/\/mini.eastday.com\/mobile\/191204164728593.html",
				"thumbnail_pic_s": "http:\/\/00imgmini.eastday.com\/mobile\/20191204\/2019120416_62e121aeb46a4992a9f1574eee1b4c5a_3711_mwpm_03200403.jpg",
				"thumbnail_pic_s02": "http:\/\/00imgmini.eastday.com\/mobile\/20191204\/2019120416_e62f0bcc51c14075ab1a999f3be9ae53_7228_mwpm_03200403.jpg",
				"thumbnail_pic_s03": "http:\/\/00imgmini.eastday.com\/mobile\/20191204\/2019120416_a80a2af8e5364bffa3890b7cb5f21bb6_0591_mwpm_03200403.jpg"
			}, {
				"uniquekey": "9ed501d6d318223d81cf65874a51a371",
				"title": "斯托茨：我们第三节打得很挣扎，之后一直处于追赶状态",
				"date": "2019-12-04 16:47",
				"category": "体育",
				"author_name": "球长社圈",
				"url": "http:\/\/mini.eastday.com\/mobile\/191204164711869.html",
				"thumbnail_pic_s": "http:\/\/08imgmini.eastday.com\/mobile\/20191204\/20191204164711_2ff2ddfcd82bb0df4b73970d0b0644fd_1_mwpm_03200403.jpg"
			}, {
				"uniquekey": "37a8bc27bd7d7cc49fbbabb2ab82d75f",
				"title": "东体：朱炯抵达青岛中能俱乐部，申鑫队员未接冬训通知",
				"date": "2019-12-04 16:46",
				"category": "体育",
				"author_name": "虎扑足球TB",
				"url": "http:\/\/mini.eastday.com\/mobile\/191204164650363.html",
				"thumbnail_pic_s": "http:\/\/04imgmini.eastday.com\/mobile\/20191204\/20191204164650_c5c7290a9a170c6f923cd38f58b3d583_1_mwpm_03200403.jpg"
			}, {
				"uniquekey": "3967fdf6d29ba30ca32f94db3f195eb1",
				"title": "西部大洗牌，洛城双雄正式领跑！大黑马坐稳前4，马刺还有戏？",
				"date": "2019-12-04 16:46",
				"category": "体育",
				"author_name": "董狐体育TB",
				"url": "http:\/\/mini.eastday.com\/mobile\/191204164649404.html",
				"thumbnail_pic_s": "http:\/\/08imgmini.eastday.com\/mobile\/20191204\/20191204164649_e247ed25063d11c1911c75c40c111789_3_mwpm_03200403.jpg",
				"thumbnail_pic_s02": "http:\/\/08imgmini.eastday.com\/mobile\/20191204\/20191204164649_e247ed25063d11c1911c75c40c111789_2_mwpm_03200403.jpg",
				"thumbnail_pic_s03": "http:\/\/08imgmini.eastday.com\/mobile\/20191204\/20191204164649_e247ed25063d11c1911c75c40c111789_4_mwpm_03200403.jpg"
			}, {
				"uniquekey": "5aa337451936516c151859e9d17ad6c9",
				"title": "引争议！王霜手下败将当选亚足小姐：印度进前三 金球候选人无缘",
				"date": "2019-12-04 16:46",
				"category": "体育",
				"author_name": "圣轩钟爱足球",
				"url": "http:\/\/mini.eastday.com\/mobile\/191204164641290.html",
				"thumbnail_pic_s": "http:\/\/03imgmini.eastday.com\/mobile\/20191204\/2019120416_ebf686a60a104caaaf9ea6e4d5dc5479_2653_cover_mwpm_03200403.jpg",
				"thumbnail_pic_s02": "http:\/\/03imgmini.eastday.com\/mobile\/20191204\/2019120416_fd24f08af6f0476aacd1b84337ea07cf_0548_cover_mwpm_03200403.jpg",
				"thumbnail_pic_s03": "http:\/\/03imgmini.eastday.com\/mobile\/20191204\/2019120416_bb2657d9d00c41e5bd573e5159dfae6a_7717_cover_mwpm_03200403.jpg"
			}, {
				"uniquekey": "d4253e74b40a4d1037c7a510962309b8",
				"title": "耐高“掘金队”夺冠了！浙江赛区“爸爸”回浦中学决赛大胜杭四",
				"date": "2019-12-04 16:46",
				"category": "体育",
				"author_name": "中国篮球迷妹",
				"url": "http:\/\/mini.eastday.com\/mobile\/191204164634999.html",
				"thumbnail_pic_s": "http:\/\/00imgmini.eastday.com\/mobile\/20191204\/20191204164634_eda2878bae8a279591a80a473ebed3a5_1_mwpm_03200403.jpg",
				"thumbnail_pic_s02": "http:\/\/00imgmini.eastday.com\/mobile\/20191204\/20191204164634_eda2878bae8a279591a80a473ebed3a5_5_mwpm_03200403.jpg",
				"thumbnail_pic_s03": "http:\/\/00imgmini.eastday.com\/mobile\/20191204\/20191204164634_eda2878bae8a279591a80a473ebed3a5_2_mwpm_03200403.jpg"
			}, {
				"uniquekey": "35b71c77372ee28432423a4326165c35",
				"title": "原创 复苏or假象？三军用命！那支披荆斩棘的山东男篮又回来了？",
				"date": "2019-12-04 16:46",
				"category": "体育",
				"author_name": "嗅遍天下热闻",
				"url": "http:\/\/mini.eastday.com\/mobile\/191204164626121.html",
				"thumbnail_pic_s": "http:\/\/08imgmini.eastday.com\/mobile\/20191204\/20191204164626_5029c9e811b7a3bae24ca78d096a971f_3_mwpm_03200403.jpg",
				"thumbnail_pic_s02": "http:\/\/08imgmini.eastday.com\/mobile\/20191204\/20191204164626_5029c9e811b7a3bae24ca78d096a971f_2_mwpm_03200403.jpg",
				"thumbnail_pic_s03": "http:\/\/08imgmini.eastday.com\/mobile\/20191204\/20191204164626_5029c9e811b7a3bae24ca78d096a971f_1_mwpm_03200403.jpg"
			}, {
				"uniquekey": "e5c87165f03e354ab3c1407f1e73846b",
				"title": "今日潮男评选：白T型男利拉德，翩翩少年库兹马",
				"date": "2019-12-04 16:46",
				"category": "体育",
				"author_name": "虎扑体育",
				"url": "http:\/\/mini.eastday.com\/mobile\/191204164603847.html",
				"thumbnail_pic_s": "http:\/\/08imgmini.eastday.com\/mobile\/20191204\/20191204164603_ea6767fb419d91405b3bc07963bf7e98_3_mwpm_03200403.jpg",
				"thumbnail_pic_s02": "http:\/\/08imgmini.eastday.com\/mobile\/20191204\/20191204164603_ea6767fb419d91405b3bc07963bf7e98_9_mwpm_03200403.jpg",
				"thumbnail_pic_s03": "http:\/\/08imgmini.eastday.com\/mobile\/20191204\/20191204164603_ea6767fb419d91405b3bc07963bf7e98_2_mwpm_03200403.jpg"
			}, {
				"uniquekey": "0b69394f6f7eea34e120cd723605fa22",
				"title": "阿迪达斯发布2020年官方比赛球Tsubasa",
				"date": "2019-12-04 16:45",
				"category": "体育",
				"author_name": "球场十二人",
				"url": "http:\/\/mini.eastday.com\/mobile\/191204164557111.html",
				"thumbnail_pic_s": "http:\/\/05imgmini.eastday.com\/mobile\/20191204\/20191204164557_ef4a788600883480197816b9464e4762_1_mwpm_03200403.jpg",
				"thumbnail_pic_s02": "http:\/\/05imgmini.eastday.com\/mobile\/20191204\/20191204164557_ef4a788600883480197816b9464e4762_2_mwpm_03200403.jpg"
			}, {
				"uniquekey": "677832e3f835edb572031052bf196bce",
				"title": "9中9，正负值+16！卡佩拉狂轰22+21，他成哈登的绝配",
				"date": "2019-12-04 16:45",
				"category": "体育",
				"author_name": "体坛就你秀",
				"url": "http:\/\/mini.eastday.com\/mobile\/191204164551149.html",
				"thumbnail_pic_s": "http:\/\/00imgmini.eastday.com\/mobile\/20191204\/2019120416_1f4d7f1b42ce49b588bce7f21d54ea54_8175_mwpm_03200403.jpg",
				"thumbnail_pic_s02": "http:\/\/00imgmini.eastday.com\/mobile\/20191204\/2019120416_392445e07e4e4dcb935eaf7102164c10_7528_mwpm_03200403.jpg",
				"thumbnail_pic_s03": "http:\/\/00imgmini.eastday.com\/mobile\/20191204\/2019120416_5c904414a82c4b6cbab9444edc651763_2447_mwpm_03200403.jpg"
			}, {
				"uniquekey": "3ad05ff5cb36dd32d61640024dfe5dcd",
				"title": "关注|2019-2020雪季，张家口崇礼将举办近200项赛事活动",
				"date": "2019-12-04 16:45",
				"category": "体育",
				"author_name": "冰雪体育公主",
				"url": "http:\/\/mini.eastday.com\/mobile\/191204164527110.html",
				"thumbnail_pic_s": "http:\/\/01imgmini.eastday.com\/mobile\/20191204\/20191204164527_595284d746e02759fa32e78062a51923_1_mwpm_03200403.jpg"
			}, {
				"uniquekey": "38a7c7f91539478ca82aa1d4800c2e1a",
				"title": "羽联最新世界排名",
				"date": "2019-12-04 16:45",
				"category": "体育",
				"author_name": "天下羽球",
				"url": "http:\/\/mini.eastday.com\/mobile\/191204164516930.html",
				"thumbnail_pic_s": "http:\/\/09imgmini.eastday.com\/mobile\/20191204\/20191204164516_86f3d3e6e94baf83450d01e8a0c49622_4_mwpm_03200403.jpg",
				"thumbnail_pic_s02": "http:\/\/09imgmini.eastday.com\/mobile\/20191204\/20191204164516_86f3d3e6e94baf83450d01e8a0c49622_5_mwpm_03200403.jpg",
				"thumbnail_pic_s03": "http:\/\/09imgmini.eastday.com\/mobile\/20191204\/20191204164516_86f3d3e6e94baf83450d01e8a0c49622_2_mwpm_03200403.jpg"
			}, {
				"uniquekey": "495db7914a63d0616c6a06b5e2acda3f",
				"title": "被利物浦落下11分 曼城这人是最大罪臣 两点失误致球队崩盘",
				"date": "2019-12-04 16:43",
				"category": "体育",
				"author_name": "高山看球",
				"url": "http:\/\/mini.eastday.com\/mobile\/191204164326293.html",
				"thumbnail_pic_s": "http:\/\/09imgmini.eastday.com\/mobile\/20191204\/2019120416_135bf3e80bfd44479b25ef1a63d6979d_4988_mwpm_03200403.jpg",
				"thumbnail_pic_s02": "http:\/\/09imgmini.eastday.com\/mobile\/20191204\/2019120416_737a0f5b189647e89680a5ccecb15b34_8218_mwpm_03200403.jpg",
				"thumbnail_pic_s03": "http:\/\/09imgmini.eastday.com\/mobile\/20191204\/2019120416_4df9a3e2e935438a85c5f4861e520c9f_8483_mwpm_03200403.jpg"
			}, {
				"uniquekey": "723e549483557043ae8091e975bb2993",
				"title": "斯科蒂皮蓬不是超级球星？为何他被低估！",
				"date": "2019-12-04 16:42",
				"category": "体育",
				"author_name": "我们一起看体育",
				"url": "http:\/\/mini.eastday.com\/mobile\/191204164231501.html",
				"thumbnail_pic_s": "http:\/\/01imgmini.eastday.com\/mobile\/20191204\/20191204164231_cace86c0f5d05e1d98d817fe1b3e22b3_2_mwpm_03200403.jpg",
				"thumbnail_pic_s02": "http:\/\/01imgmini.eastday.com\/mobile\/20191204\/20191204164231_cace86c0f5d05e1d98d817fe1b3e22b3_6_mwpm_03200403.jpg",
				"thumbnail_pic_s03": "http:\/\/01imgmini.eastday.com\/mobile\/20191204\/20191204164231_cace86c0f5d05e1d98d817fe1b3e22b3_5_mwpm_03200403.jpg"
			}, {
				"uniquekey": "4ec9a2f0f6824c92270f05aec5bf3bef",
				"title": "西乙第18轮：连胜！皇马名宿率队稳居第2 出山！前瓦伦天王接手弱旅",
				"date": "2019-12-04 16:42",
				"category": "体育",
				"author_name": "意甲守望者远风",
				"url": "http:\/\/mini.eastday.com\/mobile\/191204164214929.html",
				"thumbnail_pic_s": "http:\/\/06imgmini.eastday.com\/mobile\/20191204\/20191204164214_417d8a4b6fa12b96a481396311f6a18e_6_mwpm_03200403.jpg",
				"thumbnail_pic_s02": "http:\/\/06imgmini.eastday.com\/mobile\/20191204\/20191204164214_417d8a4b6fa12b96a481396311f6a18e_7_mwpm_03200403.jpg",
				"thumbnail_pic_s03": "http:\/\/06imgmini.eastday.com\/mobile\/20191204\/20191204164214_417d8a4b6fa12b96a481396311f6a18e_5_mwpm_03200403.jpg"
			}
		]
	},
	"error_code": 0
}