{
	"reason": "成功的返回",
	"result": {
		"stat": "1",
		"data": [
			{
				"uniquekey": "164f2dea0de41a4e6def80915d8f27e6",
				"title": "江西南昌县：志愿服务蔚然成风",
				"date": "2019-12-04 16:06",
				"category": "头条",
				"author_name": "光明网",
				"url": "http:\/\/mini.eastday.com\/mobile\/191204160653456.html",
				"thumbnail_pic_s": "http:\/\/07imgmini.eastday.com\/mobile\/20191204\/20191204160653_32a5a8e37c41d8d67c395c3cb707c99a_1_mwpm_03200403.jpg"
			}, {
				"uniquekey": "19d56e29703828c2ddd4723dae6922ee",
				"title": "以巅峰对局为例，浅析细节对战局影响性",
				"date": "2019-12-04 16:06",
				"category": "头条",
				"author_name": "王者荣耀官网",
				"url": "http:\/\/mini.eastday.com\/mobile\/191204160651246.html",
				"thumbnail_pic_s": "http:\/\/02imgmini.eastday.com\/mobile\/20191204\/20191204160651_f6ab611fba1f0597797f11e1d0e90387_2_mwpm_03200403.jpg",
				"thumbnail_pic_s02": "http:\/\/02imgmini.eastday.com\/mobile\/20191204\/20191204160651_f6ab611fba1f0597797f11e1d0e90387_1_mwpm_03200403.jpg"
			}, {
				"uniquekey": "dfd4ddd2366ba3a9283da881f2062380",
				"title": "长寿还是短命，身上这个部位的尺寸就能看出？医生：真不是瞎说",
				"date": "2019-12-04 16:05",
				"category": "头条",
				"author_name": "漫说健康",
				"url": "http:\/\/mini.eastday.com\/mobile\/191204160529588.html",
				"thumbnail_pic_s": "http:\/\/05imgmini.eastday.com\/mobile\/20191204\/2019120416_3bc7575d95e9462ab0bf4e4835c38f09_6211_cover_mwpm_03200403.jpg",
				"thumbnail_pic_s02": "http:\/\/05imgmini.eastday.com\/mobile\/20191204\/2019120416_0057dc7b4b09487d9511d464dfe27e92_9059_cover_mwpm_03200403.jpg",
				"thumbnail_pic_s03": "http:\/\/05imgmini.eastday.com\/mobile\/20191204\/2019120416_9b4382cfeea14026bdffdb79f2eaaa4f_1431_cover_mwpm_03200403.jpg"
			}, {
				"uniquekey": "d97e62bd95fa443cc54faae92e2a9854",
				"title": "娱乐圈三位女星纯洁的眼神和甜美的笑容，灵动的眼睛,谁最美呢",
				"date": "2019-12-04 15:58",
				"category": "头条",
				"author_name": "乐哥说体育",
				"url": "http:\/\/mini.eastday.com\/mobile\/191204155844593.html",
				"thumbnail_pic_s": "http:\/\/08imgmini.eastday.com\/mobile\/20191204\/2019120415_f1f9408560634a769ea2dee3a0189ec2_1557_cover_mwpm_03200403.jpg",
				"thumbnail_pic_s02": "http:\/\/08imgmini.eastday.com\/mobile\/20191204\/2019120415_5eeea60b3a894bafa36475e71af2ea6b_6283_cover_mwpm_03200403.jpg",
				"thumbnail_pic_s03": "http:\/\/08imgmini.eastday.com\/mobile\/20191204\/2019120415_2701594bebd94abd94c283865a9454c6_6915_cover_mwpm_03200403.jpg"
			}, {
				"uniquekey": "a4b379c7abbe64ce2c964a78cac382f6",
				"title": "游戏内观赛抽天狼征服者永久皮肤！",
				"date": "2019-12-04 15:56",
				"category": "头条",
				"author_name": "王者荣耀官网",
				"url": "http:\/\/mini.eastday.com\/mobile\/191204155648675.html",
				"thumbnail_pic_s": "http:\/\/06imgmini.eastday.com\/mobile\/20191204\/20191204155648_c6eb0f2579874b29189eca3ceb9394ba_2_mwpm_03200403.jpg",
				"thumbnail_pic_s02": "http:\/\/06imgmini.eastday.com\/mobile\/20191204\/20191204155648_c6eb0f2579874b29189eca3ceb9394ba_10_mwpm_03200403.jpg",
				"thumbnail_pic_s03": "http:\/\/06imgmini.eastday.com\/mobile\/20191204\/20191204155648_c6eb0f2579874b29189eca3ceb9394ba_1_mwpm_03200403.jpg"
			}, {
				"uniquekey": "10da91f046ea22aca76c43a666f038e8",
				"title": "越忙碌，就越心安，不愿碌碌无为的生肖",
				"date": "2019-12-04 15:56",
				"category": "头条",
				"author_name": "星座大家庭",
				"url": "http:\/\/mini.eastday.com\/mobile\/191204155617843.html",
				"thumbnail_pic_s": "http:\/\/04imgmini.eastday.com\/mobile\/20191204\/2019120415_965eaf57c29b4eeda4efcb86733b7a01_4235_mwpm_03200403.jpg",
				"thumbnail_pic_s02": "http:\/\/04imgmini.eastday.com\/mobile\/20191204\/2019120415_abdf11e3c38046c19d59cc536292e6c9_8564_mwpm_03200403.jpg",
				"thumbnail_pic_s03": "http:\/\/04imgmini.eastday.com\/mobile\/20191204\/2019120415_5aecc39b8c3c45638e5dffedb825c5ea_1227_mwpm_03200403.jpg"
			}, {
				"uniquekey": "ca3dee10160023e4b422cd17466bcf5d",
				"title": "张艺兴化身“新村民” 与佤族“宋小宝”共舞",
				"date": "2019-12-04 15:47",
				"category": "头条",
				"author_name": "看看新闻网",
				"url": "http:\/\/mini.eastday.com\/mobile\/191204154745803.html",
				"thumbnail_pic_s": "http:\/\/09imgmini.eastday.com\/mobile\/20191204\/20191204154745_2feb8d0b471be8b6f44b0fa2f9d2c37c_2_mwpm_03200403.jpg",
				"thumbnail_pic_s02": "http:\/\/09imgmini.eastday.com\/mobile\/20191204\/20191204154745_2feb8d0b471be8b6f44b0fa2f9d2c37c_3_mwpm_03200403.jpg",
				"thumbnail_pic_s03": "http:\/\/09imgmini.eastday.com\/mobile\/20191204\/20191204154745_2feb8d0b471be8b6f44b0fa2f9d2c37c_5_mwpm_03200403.jpg"
			}, {
				"uniquekey": "d63c75875195bfa34ec5b74662bdb7c9",
				"title": "有爱！女排2大国手为争夺签名照，竟在赛前隔网“扭打”",
				"date": "2019-12-04 15:44",
				"category": "头条",
				"author_name": "女排集结",
				"url": "http:\/\/mini.eastday.com\/mobile\/191204154422926.html",
				"thumbnail_pic_s": "http:\/\/00imgmini.eastday.com\/mobile\/20191204\/20191204154422_1054b251475275feaddbadbe2851576e_4_mwpm_03200403.jpg",
				"thumbnail_pic_s02": "http:\/\/00imgmini.eastday.com\/mobile\/20191204\/20191204154422_1054b251475275feaddbadbe2851576e_2_mwpm_03200403.jpg",
				"thumbnail_pic_s03": "http:\/\/00imgmini.eastday.com\/mobile\/20191204\/20191204154422_1054b251475275feaddbadbe2851576e_1_mwpm_03200403.jpg"
			}, {
				"uniquekey": "5fb8d49402decb8ef7f47ba37979d822",
				"title": "河北复兴区：强占土地为哪般 二六七二驻村干部为何如此嚣张",
				"date": "2019-12-04 15:41",
				"category": "头条",
				"author_name": "中国网",
				"url": "http:\/\/mini.eastday.com\/mobile\/191204154154984.html",
				"thumbnail_pic_s": "http:\/\/00imgmini.eastday.com\/mobile\/20191204\/20191204154154_24d3a2da0fc8d37e8cb6c0c272353762_2_mwpm_03200403.jpg",
				"thumbnail_pic_s02": "http:\/\/00imgmini.eastday.com\/mobile\/20191204\/20191204154154_24d3a2da0fc8d37e8cb6c0c272353762_3_mwpm_03200403.jpg",
				"thumbnail_pic_s03": "http:\/\/00imgmini.eastday.com\/mobile\/20191204\/20191204154154_24d3a2da0fc8d37e8cb6c0c272353762_1_mwpm_03200403.jpg"
			}, {
				"uniquekey": "ab16e1ac9d1aa0f4a9d35c5c1dbe0112",
				"title": "西伯利亚地区出现白鹳，它本不该出现在那，是什么原因导致的？",
				"date": "2019-12-04 15:41",
				"category": "头条",
				"author_name": "探索宇宙奥秘",
				"url": "http:\/\/mini.eastday.com\/mobile\/191204154145158.html",
				"thumbnail_pic_s": "http:\/\/03imgmini.eastday.com\/mobile\/20191204\/2019120415_d68084f48e854b5c8e595c0e16442a82_4544_mwpm_03200403.jpg",
				"thumbnail_pic_s02": "http:\/\/03imgmini.eastday.com\/mobile\/20191204\/2019120415_7d7da2b83b044506a8fb851234606c62_1840_mwpm_03200403.jpg",
				"thumbnail_pic_s03": "http:\/\/03imgmini.eastday.com\/mobile\/20191204\/2019120415_420bf3284b654a778f4fc615909155bc_9827_mwpm_03200403.jpg"
			}, {
				"uniquekey": "aceddbd5d3f486b37834a41041b3560e",
				"title": "杨丽萍一身民族风穿搭现身显个性，手上的指甲让人惊奇",
				"date": "2019-12-04 15:40",
				"category": "头条",
				"author_name": "FashionWeekTB",
				"url": "http:\/\/mini.eastday.com\/mobile\/191204154046220.html",
				"thumbnail_pic_s": "http:\/\/07imgmini.eastday.com\/mobile\/20191204\/20191204154046_1e3a5bdff86f973c4cae2e066bcc78ef_1_mwpm_03200403.jpg",
				"thumbnail_pic_s02": "http:\/\/07imgmini.eastday.com\/mobile\/20191204\/20191204154046_1e3a5bdff86f973c4cae2e066bcc78ef_6_mwpm_03200403.jpg",
				"thumbnail_pic_s03": "http:\/\/07imgmini.eastday.com\/mobile\/20191204\/20191204154046_1e3a5bdff86f973c4cae2e066bcc78ef_5_mwpm_03200403.jpg"
			}, {
				"uniquekey": "7832b536df63b10d20f1b82877de6244",
				"title": "6年4届！美洲杯还是每周杯？梅西有望争冠！亚洲球队混入其中",
				"date": "2019-12-04 15:40",
				"category": "头条",
				"author_name": "球场十二人",
				"url": "http:\/\/mini.eastday.com\/mobile\/191204154033219.html",
				"thumbnail_pic_s": "http:\/\/01imgmini.eastday.com\/mobile\/20191204\/20191204154033_f67602cd6d08d36a03c46df0ada5a1a5_3_mwpm_03200403.jpg",
				"thumbnail_pic_s02": "http:\/\/01imgmini.eastday.com\/mobile\/20191204\/20191204154033_f67602cd6d08d36a03c46df0ada5a1a5_4_mwpm_03200403.jpg",
				"thumbnail_pic_s03": "http:\/\/01imgmini.eastday.com\/mobile\/20191204\/20191204154033_f67602cd6d08d36a03c46df0ada5a1a5_2_mwpm_03200403.jpg"
			}, {
				"uniquekey": "9a0ac0bbe5ae5aafc55562f4cd2f64d8",
				"title": "女子欠90万不还 家里却塞满奢侈品！法院这样做",
				"date": "2019-12-04 15:39",
				"category": "头条",
				"author_name": "看看新闻",
				"url": "http:\/\/mini.eastday.com\/mobile\/191204153931062.html",
				"thumbnail_pic_s": "http:\/\/08imgmini.eastday.com\/mobile\/20191204\/20191204153931_f0b86fdb174fe6f2d7813788b9eaa4aa_1_mwpm_03200403.jpg",
				"thumbnail_pic_s02": "http:\/\/08imgmini.eastday.com\/mobile\/20191204\/20191204153931_8380f897c48b0f80ae2948d788b189a4_2_mwpm_03200403.jpg",
				"thumbnail_pic_s03": "http:\/\/08imgmini.eastday.com\/mobile\/20191204\/20191204153931_113907e9a333fdde3ae5c9db114b4032_3_mwpm_03200403.jpg"
			}, {
				"uniquekey": "ff3af41e32f29c5ba4a27f4bc479b4fb",
				"title": "心念往昔，旧情难忘，老是和前任纠缠不清的四大星座",
				"date": "2019-12-04 15:39",
				"category": "头条",
				"author_name": "星座运势.",
				"url": "http:\/\/mini.eastday.com\/mobile\/191204153908534.html",
				"thumbnail_pic_s": "http:\/\/06imgmini.eastday.com\/mobile\/20191204\/20191204153908_2a0ce1e74864a40e28402fbba70656ae_3_mwpm_03200403.jpg",
				"thumbnail_pic_s02": "http:\/\/06imgmini.eastday.com\/mobile\/20191204\/20191204153908_2a0ce1e74864a40e28402fbba70656ae_2_mwpm_03200403.jpg",
				"thumbnail_pic_s03": "http:\/\/06imgmini.eastday.com\/mobile\/20191204\/20191204153908_2a0ce1e74864a40e28402fbba70656ae_4_mwpm_03200403.jpg"
			}, {
				"uniquekey": "911192e9cad5e35a984417917b09a5e5",
				"title": "C罗金球能超越梅西吗？应该没戏！延长巅峰应留在尤文",
				"date": "2019-12-04 15:39",
				"category": "头条",
				"author_name": "球场十二人",
				"url": "http:\/\/mini.eastday.com\/mobile\/191204153904643.html",
				"thumbnail_pic_s": "http:\/\/03imgmini.eastday.com\/mobile\/20191204\/20191204153904_c39bc7761e4c68cb71c49f9cced031e8_1_mwpm_03200403.jpg",
				"thumbnail_pic_s02": "http:\/\/03imgmini.eastday.com\/mobile\/20191204\/20191204153904_c39bc7761e4c68cb71c49f9cced031e8_4_mwpm_03200403.jpg",
				"thumbnail_pic_s03": "http:\/\/03imgmini.eastday.com\/mobile\/20191204\/20191204153904_c39bc7761e4c68cb71c49f9cced031e8_3_mwpm_03200403.jpg"
			}, {
				"uniquekey": "f8e56cda6ca3154b8d57dc56ed6634b6",
				"title": "伊朗开始反击",
				"date": "2019-12-04 15:39",
				"category": "头条",
				"author_name": "东方头条 军中三剑客",
				"url": "http:\/\/mini.eastday.com\/mobile\/191204153901398.html",
				"thumbnail_pic_s": "http:\/\/07imgmini.eastday.com\/mobile\/20191204\/2019120415_50ec0c9658044c53a015680c012381be_0498_mwpm_03200403.jpg",
				"thumbnail_pic_s02": "http:\/\/07imgmini.eastday.com\/mobile\/20191204\/2019120415_de8a9e565b7c48ee91a6a014c1eff9e3_3272_mwpm_03200403.jpg",
				"thumbnail_pic_s03": "http:\/\/07imgmini.eastday.com\/mobile\/20191204\/2019120415_62186c39520f43e491d8a7c2b049e414_5974_mwpm_03200403.jpg"
			}, {
				"uniquekey": "a7938c6db375cbf430004449cda6fc28",
				"title": "皇帝让他带兵去攻城，结果他让几万士兵去盖房子，却因此奇迹获胜",
				"date": "2019-12-04 15:36",
				"category": "头条",
				"author_name": "悦悦女神说",
				"url": "http:\/\/mini.eastday.com\/mobile\/191204153641761.html",
				"thumbnail_pic_s": "http:\/\/06imgmini.eastday.com\/mobile\/20191204\/20191204153641_2498ad93f13145708f1fc251db5511c1_3_mwpm_03200403.jpg",
				"thumbnail_pic_s02": "http:\/\/06imgmini.eastday.com\/mobile\/20191204\/20191204153641_2498ad93f13145708f1fc251db5511c1_1_mwpm_03200403.jpg",
				"thumbnail_pic_s03": "http:\/\/06imgmini.eastday.com\/mobile\/20191204\/20191204153641_2498ad93f13145708f1fc251db5511c1_2_mwpm_03200403.jpg"
			}, {
				"uniquekey": "753be941f218c1e8705361e085bb4851",
				"title": "4次40+稳坐空砍群 “杀死比尔”第三部上演",
				"date": "2019-12-04 15:29",
				"category": "头条",
				"author_name": "北青网",
				"url": "http:\/\/mini.eastday.com\/mobile\/191204152944273.html",
				"thumbnail_pic_s": "http:\/\/09imgmini.eastday.com\/mobile\/20191204\/20191204152944_701910b84360c12fa5afdbe37fcafff2_1_mwpm_03200403.jpg"
			}, {
				"uniquekey": "53f74794410672fbef26c104dd0c36c0",
				"title": "国外麦当劳发起单手吃套餐挑战 网友却表示都是套路",
				"date": "2019-12-04 15:29",
				"category": "头条",
				"author_name": "北青网",
				"url": "http:\/\/mini.eastday.com\/mobile\/191204152943754.html",
				"thumbnail_pic_s": "http:\/\/02imgmini.eastday.com\/mobile\/20191204\/20191204152943_31b4dc01cd4d786d7ec851f4cd7a33e5_2_mwpm_03200403.jpg",
				"thumbnail_pic_s02": "http:\/\/02imgmini.eastday.com\/mobile\/20191204\/20191204152943_31b4dc01cd4d786d7ec851f4cd7a33e5_1_mwpm_03200403.jpg"
			}, {
				"uniquekey": "01f67e987bc44a1ec231c0781243747d",
				"title": "王大陸憔悴现身高以翔灵堂 15年挚友李咏娴哭肿眼",
				"date": "2019-12-04 15:28",
				"category": "头条",
				"author_name": "网易娱乐",
				"url": "http:\/\/mini.eastday.com\/mobile\/191204152829516.html",
				"thumbnail_pic_s": "http:\/\/06imgmini.eastday.com\/mobile\/20191204\/20191204152829_f0be059dfc0e18b3dfc0170b296e7e08_1_mwpm_03200403.jpg"
			}, {
				"uniquekey": "e82710016da87f49a6fa3c425659a355",
				"title": "广西猪肉零售价格降了，今晚买排骨",
				"date": "2019-12-04 15:27",
				"category": "头条",
				"author_name": "广西日报",
				"url": "http:\/\/mini.eastday.com\/mobile\/191204152706019.html",
				"thumbnail_pic_s": "http:\/\/02imgmini.eastday.com\/mobile\/20191204\/20191204152706_1dc48f6e2326a64f73c23526713907fb_1_mwpm_03200403.jpg",
				"thumbnail_pic_s02": "http:\/\/02imgmini.eastday.com\/mobile\/20191204\/20191204152706_1dc48f6e2326a64f73c23526713907fb_2_mwpm_03200403.jpg"
			}, {
				"uniquekey": "8fc388ed01f974a89a6f104177faddc5",
				"title": "国外一奇特温泉，上面铁锅、下面火！你敢泡吗？",
				"date": "2019-12-04 15:23",
				"category": "头条",
				"author_name": "坦克开心一刻",
				"url": "http:\/\/mini.eastday.com\/mobile\/191204152355790.html",
				"thumbnail_pic_s": "http:\/\/06imgmini.eastday.com\/mobile\/20191204\/2019120415_ce5b19f1e5da4cbdafd9cd5bd8bec5c9_4059_cover_mwpm_03200403.jpg",
				"thumbnail_pic_s02": "http:\/\/06imgmini.eastday.com\/mobile\/20191204\/2019120415_49bfbd399c114228b7164628c1c3296b_7683_cover_mwpm_03200403.jpg",
				"thumbnail_pic_s03": "http:\/\/06imgmini.eastday.com\/mobile\/20191204\/2019120415_0f40475e91544ae5935fe1eda47357cc_8672_cover_mwpm_03200403.jpg"
			}, {
				"uniquekey": "b48bf5f44b7bd8ccd53f6d0501dd0df7",
				"title": "退伍军人被顶替在政府上班23年 冒名者:给钱还工作",
				"date": "2019-12-04 15:20",
				"category": "头条",
				"author_name": "上游新闻",
				"url": "http:\/\/mini.eastday.com\/mobile\/191204152022733.html",
				"thumbnail_pic_s": "http:\/\/07imgmini.eastday.com\/mobile\/20191204\/20191204152022_e95a185f6edb4ca3d763901cd596395f_1_mwpm_03200403.jpg"
			}, {
				"uniquekey": "f759105da96f05188732439d6438c611",
				"title": "贝克汉姆将在圣诞节为科鲁兹和哈珀举办洗礼仪式",
				"date": "2019-12-04 15:19",
				"category": "头条",
				"author_name": "北青网",
				"url": "http:\/\/mini.eastday.com\/mobile\/191204151912255.html",
				"thumbnail_pic_s": "http:\/\/03imgmini.eastday.com\/mobile\/20191204\/20191204151912_294994da0be63df2b3947771612bd8b4_2_mwpm_03200403.jpg",
				"thumbnail_pic_s02": "http:\/\/03imgmini.eastday.com\/mobile\/20191204\/20191204151912_294994da0be63df2b3947771612bd8b4_3_mwpm_03200403.jpg",
				"thumbnail_pic_s03": "http:\/\/03imgmini.eastday.com\/mobile\/20191204\/20191204151912_294994da0be63df2b3947771612bd8b4_1_mwpm_03200403.jpg"
			}, {
				"uniquekey": "157c36c2c8eac7151f239c89217ea66d",
				"title": "女星18岁的照片，郑爽五官没变，俞飞鸿很仙，陈红差距大",
				"date": "2019-12-04 15:18",
				"category": "头条",
				"author_name": "大咖侃娱乐圈趣事",
				"url": "http:\/\/mini.eastday.com\/mobile\/191204151802534.html",
				"thumbnail_pic_s": "http:\/\/01imgmini.eastday.com\/mobile\/20191204\/2019120415_093c844412004160bc9d33fcdf3b686d_6153_cover_mwpm_03200403.jpg",
				"thumbnail_pic_s02": "http:\/\/01imgmini.eastday.com\/mobile\/20191204\/2019120415_1eecf71f080a49e0bc09db65ff61788d_2505_cover_mwpm_03200403.jpg",
				"thumbnail_pic_s03": "http:\/\/01imgmini.eastday.com\/mobile\/20191204\/2019120415_277e025efe704892ba37702ecb43b4f0_6555_cover_mwpm_03200403.jpg"
			}, {
				"uniquekey": "9550b6e2a94d38e4ca3d47216398e67b",
				"title": "克洛普：梅西拿金球？我不太苟同",
				"date": "2019-12-04 15:17",
				"category": "头条",
				"author_name": "球场十二人",
				"url": "http:\/\/mini.eastday.com\/mobile\/191204151735098.html",
				"thumbnail_pic_s": "http:\/\/06imgmini.eastday.com\/mobile\/20191204\/20191204151735_661dbf95be67509dbb5ea84c98ae207c_1_mwpm_03200403.jpg"
			}, {
				"uniquekey": "89f20d1530df80059e7bb0b03805695e",
				"title": "王熙凤为何不明确拒绝贾瑞，而是设计害死贾瑞，这说明什么？",
				"date": "2019-12-04 15:17",
				"category": "头条",
				"author_name": "古时候",
				"url": "http:\/\/mini.eastday.com\/mobile\/191204151716549.html",
				"thumbnail_pic_s": "http:\/\/06imgmini.eastday.com\/mobile\/20191204\/2019120415_ec6a91d0432f407989d6276c223aab69_2360_mwpm_03200403.jpg",
				"thumbnail_pic_s02": "http:\/\/06imgmini.eastday.com\/mobile\/20191204\/2019120415_157d300aca9144f69e4f6d1155adf311_7687_mwpm_03200403.jpg",
				"thumbnail_pic_s03": "http:\/\/06imgmini.eastday.com\/mobile\/20191204\/2019120415_8dbd2b64e6dd4e9a8484860507f971ab_8658_mwpm_03200403.jpg"
			}, {
				"uniquekey": "ce5784359f98a310d1a14d417024360f",
				"title": "年底将至购车刚需如何解决？TACQUA探影今日上市",
				"date": "2019-12-04 15:16",
				"category": "头条",
				"author_name": "车世界网",
				"url": "http:\/\/mini.eastday.com\/mobile\/191204151650064.html",
				"thumbnail_pic_s": "http:\/\/02imgmini.eastday.com\/mobile\/20191204\/20191204151650_0d45cac74922a8f822e78c89c9b98c7c_4_mwpm_03200403.jpg",
				"thumbnail_pic_s02": "http:\/\/02imgmini.eastday.com\/mobile\/20191204\/20191204151650_0d45cac74922a8f822e78c89c9b98c7c_2_mwpm_03200403.jpg",
				"thumbnail_pic_s03": "http:\/\/02imgmini.eastday.com\/mobile\/20191204\/20191204151650_0d45cac74922a8f822e78c89c9b98c7c_1_mwpm_03200403.jpg"
			}, {
				"uniquekey": "3fe8213da4191a0b4ece30be91a2be16",
				"title": "为何执教曼联时睡了两年酒店？穆里尼奥的回答有点任性",
				"date": "2019-12-04 15:16",
				"category": "头条",
				"author_name": "参考消息网",
				"url": "http:\/\/mini.eastday.com\/mobile\/191204151640559.html",
				"thumbnail_pic_s": "http:\/\/04imgmini.eastday.com\/mobile\/20191204\/20191204151640_3975ca6b8002a9317d79652d0b9ef1ef_1_mwpm_03200403.jpg",
				"thumbnail_pic_s02": "http:\/\/04imgmini.eastday.com\/mobile\/20191204\/20191204151640_3975ca6b8002a9317d79652d0b9ef1ef_3_mwpm_03200403.jpg",
				"thumbnail_pic_s03": "http:\/\/04imgmini.eastday.com\/mobile\/20191204\/20191204151640_3975ca6b8002a9317d79652d0b9ef1ef_2_mwpm_03200403.jpg"
			}, {
				"uniquekey": "fa9e7e7d45b9cbf1ddc1f0307489cf1a",
				"title": "41岁林心如生图曝光，失去滤镜的她脸部松弛，大妈既视感",
				"date": "2019-12-04 15:15",
				"category": "头条",
				"author_name": "FashionWeekTB",
				"url": "http:\/\/mini.eastday.com\/mobile\/191204151545319.html",
				"thumbnail_pic_s": "http:\/\/02imgmini.eastday.com\/mobile\/20191204\/20191204151545_484830c34654117889173f72db6aa45a_5_mwpm_03200403.jpg",
				"thumbnail_pic_s02": "http:\/\/02imgmini.eastday.com\/mobile\/20191204\/20191204151545_484830c34654117889173f72db6aa45a_4_mwpm_03200403.jpg",
				"thumbnail_pic_s03": "http:\/\/02imgmini.eastday.com\/mobile\/20191204\/20191204151545_484830c34654117889173f72db6aa45a_3_mwpm_03200403.jpg"
			}
		]
	},
	"error_code": 0
}